Workbook

Sheet Contents
A1: Chest X-ray Multi-Label Classification: Research Results
A2: Cascade results (sheets 4–5) and the distillation follow-up (sheet 7) use the official NIH ChestX-ray14 split, one training seed (42), no test-time augmentation. Updated 2026-09-25 (results_s42, results_distill).
A3: Two different test sets are in this workbook. Team models (sheet 3) were tested on a random patient split (15,917 images). The cascade models (sheets 4–5) were tested on the official NIH test list (25,596 images), which is harder. Never compare numbers across the two.
A5: Sheet | B5: What it contains
A6: 1. Dataset | B6: Dataset overview, disease counts and prevalence, split sizes, and how the official test set differs from train/validation.
A7: 2. Model Details | B7: Architecture and training setup for the 7 team models (random split) and the 2 cascade models (official split, seed 42).
A8: 3. Team Models (random split) | B8: Condensed benchmark of the 7 team models on their own random split: headline metrics, per-disease AUROC / F1 / precision / recall, key findings.
A9: 4. Official Split Results | B9: Final seed-42 results on the official test set: CNN, RAD-DINO, their average and the cascade, with 95% CIs, significance tests, per-disease results and training logs.
A10: 5. Two-Stage Cascade | B10: How the cascade works, the gate sweep, per-image vs per-finding routing, real compute cost (live formulas), which diseases the CNN decides, and the findings.
A11: 6. Two-Stage (Random Split) | B11: Restored 2026-09-25 at user request: the cascade experiment on its own random 70/15/15 split (16,724 test images), previously removed from this workbook. Kept separate from sheet 5 (official split) -- do not compare the two.
A12: 7. Distillation | B12: Follow-up to the cascade (added 2026-09-25): a ConvNeXt-Tiny trained on the soft predictions of the CNN + RAD-DINO average. Go/no-go check, training curve, test results with CIs, paired tests, outcome against the pre-registered rules, gap closed, per-finding AUROC, silent misses, and accuracy vs cost for all systems.
A13: Removed on 2026-09-24: the earlier cascade experiment on a random 70/15/15 split (test 16,724 images; old sheets 7–8 and its rows/columns elsewhere), and the 3-seed / TTA tables of the official split. The previous file is kept in _archive/.

Sheet 1. Dataset
A1: 1. Dataset
A2: NIH ChestX-ray14. Official split = official test list; validation = 15% of the train_val patients (seed 42); train = the rest. Source: T1_dataset_characteristics.csv (split_sha256 b9f2fbc9…).
A4: A. Dataset overview
A5: Dataset | B5: Modality | C5: Task | D5: # Diseases (labels) | E5: Total images | F5: Total patients | G5: Label source | I5: Notes
A6: NIH ChestX-ray14 | B6: Chest X-ray | C6: Multi-label classification | D6: 14 | E6: 112120 | F6: 30805 | G6: Text-mined from radiology reports (not verified against images, so labels are noisy) | I6: Several X-rays can come from one patient, so splits must be patient-level to avoid leakage.
A8: B. Split sizes
A9: Split | B9: Used by | C9: Train images | D9: Val images | E9: Test images | F9: Train patients | G9: Val patients | H9: Test patients | I9: Notes
A10: Official NIH split | B10: Cascade models (sheets 4–5) | C10: 73916 | D10: 12608 | E10: 25596 | F10: 23806 | G10: 4202 | H10: 2797 | I10: Test = official test_list.txt. Patient-level, no overlap.
A11: Random patient split | B11: Team models (sheet 3) | C11: 78596 | D11: 17591 | E11: 15917 | F11: n/r | G11: n/r | H11: n/r | I11: Split method not documented; 16 of 112,120 images unaccounted for.
A13: C. Official split: how the test set differs from train and validation
A14: Characteristic | B14: Train | C14: Validation | D14: Test | E14: Test ÷ validation | I14: Comment
A15: Images | B15: 73916 | C15: 12608 | D15: 25596
A16: Patients | B16: 23806 | C16: 4202 | D16: 2797
A17: Images per patient | B17: 3.1049315 | C17: 3.000476 | D17: 9.1512335 | E17: =D17/C17 -> 3.0499273 | I17: Test patients have many follow-up films (sicker, repeatedly imaged).
A18: Findings per image | B18: 0.62554795 | C18: 0.6132614 | D18: 1.0629004 | E18: =D18/C18 -> 1.7331931 | I18: Test images carry ~1.7x more findings.
A19: All-negative images | B19: 43075 | C19: 7425 | D19: 9861
A20: PA (standing) view share | B20: 0.64860111 | C20: 0.65609137 | D20: 0.43350524 | E20: =D20/C20 -> 0.66073912 | I20: More AP (bedside) films in test.
A21: Male share | B21: 0.5622328 | C21: 0.54727157 | D21: 0.58141897 | E21: =D21/C21 -> 1.0623957
A22: Median age | B22: 49 | C22: 49 | D22: 49 | E22: =D22/C22 -> 1
A23: Because of this shift, results tuned on validation (thresholds, the cascade gate) behave differently on test. It is the main reason the cascade saves little compute on the official test set (sheet 5).
A25: D. Diseases: positives and prevalence
A26: Disease | B26: Train prevalence | C26: Validation prevalence | D26: Official test positives | E26: Official test prevalence | F26: Test ÷ validation prevalence | G26: Team test-set positives (15,917 img) | H26: Team test-set prevalence | I26: Comment
A27: Infiltration | B27: 0.1603577 | C27: 0.15299809 | D27: 6112 | E27: 0.23878731 | F27: =E27/C27 -> 1.5607208 | G27: 2777 | H27: 0.1745
A28: Effusion | B28: 0.10031658 | C28: 0.09866751 | D28: 4658 | E28: 0.18198156 | F28: =E28/C28 -> 1.844392 | G28: 1755 | H28: 0.1103
A29: Atelectasis | B29: 0.094742678 | C29: 0.1012849 | D29: 3279 | E29: 0.12810595 | F29: =E29/C29 -> 1.264808 | G29: 1685 | H29: 0.1059
A30: Pneumothorax | B30: 0.030940527 | C30: 0.027760152 | D30: 2665 | E30: 0.10411783 | F30: =E30/C30 -> 3.7506219 | G30: 703 | H30: 0.0442 | I30: Largest jump: 3.7x more common in test.
A31: Consolidation | B31: 0.033578657 | C31: 0.029346447 | D31: 1815 | E31: 0.070909515 | F31: =E31/C31 -> 2.4162896 | G31: 563 | H31: 0.0354
A32: Mass | B32: 0.046701662 | C32: 0.046161167 | D32: 1748 | E32: 0.068291917 | F32: =E32/C32 -> 1.4794235 | G32: 848 | H32: 0.0533
A33: Nodule | B33: 0.054683696 | C33: 0.052823603 | D33: 1623 | E33: 0.063408345 | F33: =E33/C33 -> 1.200379 | G33: 894 | H33: 0.0562
A34: Pleural Thickening | B34: 0.025298988 | C34: 0.029505076 | D34: 1143 | E34: 0.044655416 | F34: =E34/C34 -> 1.5134825 | G34: 444 | H34: 0.0279
A35: Emphysema | B35: 0.017235782 | C35: 0.011817893 | D35: 1093 | E35: 0.042701986 | F35: =E35/C35 -> 3.6133332 | G35: 351 | H35: 0.0221
A36: Cardiomegaly | B36: 0.01965745 | C36: 0.02014594 | D36: 1069 | E36: 0.041764338 | F36: =E36/C36 -> 2.0730896 | G36: 367 | H36: 0.0231
A37: Edema | B37: 0.016248174 | C37: 0.014038705 | D37: 925 | E37: 0.03613846 | F37: =E37/C37 -> 2.5742018 | G37: 343 | H37: 0.0215
A38: Pneumonia | B38: 0.010038422 | C38: 0.010628172 | D38: 555 | E38: 0.021683076 | F38: =E38/C38 -> 2.040151 | G38: 210 | H38: 0.0132
A39: Fibrosis | B39: 0.014218843 | C39: 0.015862944 | D39: 435 | E39: 0.016994843 | F39: =E39/C39 -> 1.071355 | G39: 228 | H39: 0.0143
A40: Hernia | B40: 0.0015287624 | C40: 0.0022208123 | D40: 86 | E40: 0.0033599001 | F40: =E40/C40 -> 1.512915 | G40: 62 | H40: 0.0039
A41: Prevalence = share of images with the disease. The official test set has higher prevalence for every disease; Pneumothorax and Emphysema are 3–4x more common than in validation.

Sheet 2. Model Details
A1: 2. Model Details
A2: Columns B–H: team models (random split, sheet 3). Columns I–J: the two cascade models (official split, seed 42, sheets 4–5). The two groups were trained and tested on different splits.
A4: A. Architecture and training setup
A5: Attribute | B5: Hasib | C5: Marjia | D5: Tanzil | E5: BioViL-T | F5: ConvNeXt-Base | G5: ConvNeXt-Small | H5: RAD-DINO | I5: Cascade stage 1: ConvNeXt-Tiny (official split, seed 42) | J5: Cascade stage 2: RAD-DINO (official split, seed 42)
A6: Split / test set | B6: Random split, 15,917 test images | C6: Random split, 15,917 test images | D6: Random split, 15,917 test images | E6: Random split, 15,917 test images | F6: Random split, 15,917 test images | G6: Random split, 15,917 test images | H6: Random split, 15,917 test images | I6: Official NIH split, 25,596 test images | J6: Official NIH split, 25,596 test images
A7: Dataset | B7: NIH ChestX-ray14 | C7: NIH ChestX-ray14 | D7: NIH ChestX-ray14 | E7: NIH ChestX-ray14 | F7: NIH ChestX-ray14 | G7: NIH ChestX-ray14 | H7: NIH ChestX-ray14 | I7: NIH ChestX-ray14 (official split) | J7: NIH ChestX-ray14 (official split)
A8: Backbone | B8: DenseNet-121 | C8: ConvNeXt-Tiny | D8: DenseNet-121 (improved) | E8: BioViL-T (vision-language transformer) | F8: ConvNeXt-Base | G8: ConvNeXt-Small | H8: RAD-DINO (ViT-B, 12 blocks) | I8: ConvNeXt-Tiny (convnext_tiny.fb_in22k_ft_in1k) | J8: RAD-DINO (microsoft/rad-dino, ViT-B/14)
A9: Library | B9: torchxrayvision | C9: timm | D9: torchxrayvision | E9: Not stated in source | F9: timm | G9: timm 1.0.26 | H9: HuggingFace | I9: timm | J9: HuggingFace transformers
A10: Pre-training data | B10: Chest X-rays (NIH + other CXR sources) | C10: ImageNet-22k then ImageNet-1k | D10: Chest X-rays (NIH + CheXpert + MIMIC + PadChest + RSNA + OpenI) | E10: Vision-language pre-training on biomedical image + text data | F10: ImageNet-22k then ImageNet-1k | G10: ImageNet-22k then ImageNet-1k at 384px | H10: Self-supervised DINOv2 on chest X-rays | I10: ImageNet-22k then ImageNet-1k | J10: Self-supervised DINOv2 on chest X-rays
A11: Feature dimension | B11: 1024 | C11: 768 | D11: 1024 | E11: 512 | F11: 1792 | G11: 768 (1536 after dual pooling) | H11: 768 (1536 after dual pooling) | I11: 768 | J11: 1536 (CLS + mean of patch tokens)
A12: Input channels | B12: 1 (grayscale) | C12: 3 (RGB) | D12: 1 (grayscale) | E12: Not stated in source | F12: Not stated in source | G12: 3 (RGB) | H12: 3 (RGB) | I12: 3 (grayscale replicated) | J12: 3 (grayscale replicated)
A13: Input size | B13: Not stated in source | C13: Not stated in source | D13: Not stated in source | E13: 448 x 448 | F13: 380 x 380 | G13: 384 x 384 | H13: 518 x 518 | I13: 384 x 384 | J13: 518 x 518
A14: Preprocessing | B14: xrv normalization | C14: ImageNet normalization | D14: xrv custom normalization | E14: Not stated in source | F14: Not stated in source | G14: ImageNet normalization | H14: RAD-DINO normalization (mean 0.5307, std 0.2583) | I14: ImageNet normalization | J14: RAD-DINO normalization (mean 0.5307, std 0.2583)
A15: Classification head | B15: Custom 14-way | C15: Custom 14-way | D15: Custom 14-way | E15: Custom 14-way | F15: Custom 14-way | G15: Custom 14-way | H15: Custom 14-way | I15: Dropout (0.2) + linear → 14 logits | J15: Linear → 14 logits
A16: Loss function | B16: BCEWithLogitsLoss | C16: BCEWithLogitsLoss | D16: Class-weighted BCEWithLogitsLoss | E16: Not stated in source | F16: Not stated in source | G16: AsymmetricLoss (g_neg=4, g_pos=1, clip=0.05) | H16: AsymmetricLoss (g_neg=4, g_pos=1, clip=0.05) | I16: AsymmetricLoss (g_neg=4, g_pos=1, clip=0.05) | J16: AsymmetricLoss (g_neg=4, g_pos=1, clip=0.05)
A17: Training scheme | B17: Single-phase | C17: Single-phase | D17: Two-phase (warmup then fine-tune) | E17: Two-phase (warmup then fine-tune) | F17: Two-phase (warmup then fine-tune) | G17: Two-phase (2 warmup, then last 2 of 4 stages) | H17: Two-phase (3 warmup, then last 8 of 12 ViT blocks) | I17: 1 warmup epoch (head only, LR 1e-3), then full fine-tuning (head 1e-4, backbone 1e-4), up to 8 epochs | J17: 2 warmup epochs (head only, LR 1e-3), then last 8 of 12 blocks with layer-wise LR decay 0.8 (backbone 2e-5, head 2e-4), up to 4 epochs, EMA 0.999
A18: Optimizer / regularization | B18: Not stated in source | C18: Not stated in source | D18: Not stated in source | E18: Not stated in source | F18: Not stated in source | G18: Not stated in source | H18: Not stated in source | I18: AdamW, weight decay 0.05, cosine schedule, drop-path 0.1, grad clip 1.0, fp16, early stop on val macro AUROC (patience 2) | J18: Same as ConvNeXt-Tiny, plus EMA of weights (0.999)
A19: Augmentation | B19: Not stated in source | C19: Not stated in source | D19: Not stated in source | E19: Not stated in source | F19: Not stated in source | G19: Not stated in source | H19: Not stated in source | I19: Random resized crop (0.85–1.0), horizontal flip, ±7° rotation (p 0.5), brightness/contrast ±0.1. No TTA. | J19: Same as ConvNeXt-Tiny. No TTA.
A20: Calibration | B20: Temperature scaling | C20: Temperature scaling | D20: Temperature scaling | E20: Temperature scaling | F20: Temperature scaling | G20: Temperature scaling | H20: Temperature scaling | I20: Per-class Platt scaling | J20: Per-class Platt scaling
A21: Calibrated temperature | B21: n/r | C21: n/r | D21: 0.6821 | E21: 0.6971 | F21: 1.9554 | G21: 1.2052 | H21: 1.1278 | I21: n/a (per-class Platt) | J21: n/a (per-class Platt)
A22: Thresholding | B22: Fixed at 0.50 | C22: Tuned per class | D22: Tuned per class | E22: Tuned per class (0.50 report also given) | F22: Tuned per class (0.50 report also given) | G22: Five strategies compared | H22: Five strategies compared | I22: Per-class, tuned on validation to maximise F1 | J22: Per-class, tuned on validation to maximise F1
A23: Total parameters | B23: n/r | C23: n/r | D23: n/r | E23: n/r | F23: n/r | G23: 49479279 | H23: 86605071 | I23: 27830894 | J23: 86601998
A24: Trainable parameters | B24: n/r | C24: n/r | D24: n/r | E24: 27357111 | F24: 17573719 | G24: 48244239 | H24: 56741391 | I24: 27830894 | J24: 56738318
A25: Batch size | B25: n/r | C25: n/r | D25: n/r | E25: 12 | F25: 16 | G25: 16 | H25: 12 | I25: 32 | J25: 12
A26: Warmup epochs | B26: n/r | C26: n/r | D26: n/r | E26: 4 | F26: 4 | G26: 2 | H26: 3 | I26: 1 | J26: 2
A27: Fine-tune epochs | B27: n/r | C27: n/r | D27: n/r | E27: 6 | F27: 6 | G27: 3 (early stop) | H27: 3 (early stop) | I27: 8 epochs run (1 warm-up + 7 fine-tune, early stop); best = epoch 6 | J27: 6 epochs run (2 warm-up + 4 fine-tune); best = epoch 4
A28: Best validation macro AUROC | B28: n/r | C28: n/r | D28: n/r | E28: 0.8274 | F28: 0.8082 | G28: 0.7982 | H28: 0.8483 | I28: 0.85977526 | J28: 0.86511315
A29: Test macro AUROC | B29: 0.76 | C29: 0.831 | D29: 0.813 | E29: 0.836 | F29: 0.819 | G29: 0.8061 | H29: 0.8513 | I29: 0.82630389 | J29: 0.83638611
A30: Total training time | B30: n/r | C30: n/r | D30: n/r | E30: n/r | F30: n/r | G30: 7,655 s (~2.1 h) | H30: 26,749 s (~7.4 h) + 940 s to collect logits | I30: 2.77 h | J30: 6.56 h
A31: Inference time (ms/image, T4, batch 32) | B31: n/r | C31: n/r | D31: n/r | E31: n/r | F31: n/r | G31: n/r | H31: n/r | I31: 4.0095115 | J31: 22.849385
A32: Test set size (images) | B32: 15917 | C32: 15917 | D32: 15917 | E32: 15917 | F32: 15917 | G32: 15917 | H32: 15917 | I32: 25596 | J32: 25596
A33: Source notebook | B33: https://www.kaggle.com/code/hasibulhossain293/xrvlm-densenet-xrv-fulldata | C33: https://www.kaggle.com/code/marjiaislam/convnext-tiny | D33: https://www.kaggle.com/code/ashrafulislamtanzil/data-mining/edit/run/340283180 | E33: https://www.kaggle.com/code/marjiaislam/biovil-t | F33: https://www.kaggle.com/code/ashrafulislamtanzil/test2 | G33: https://www.kaggle.com/code/marjiaislam/convnext-small | H33: https://www.kaggle.com/code/marjiaislam/rad-dino-v2 | I33: https://www.kaggle.com/code/hasibulhossain293/notebooka74861b945 | J33: https://www.kaggle.com/code/hasibulhossain293/notebooka74861b945
A35: Tanzil's DenseNet-121 link is a private '/edit/run/...' editor URL, so it only opens for people with edit access. ConvNeXt-Base reports only 17.6M trainable parameters, far below a full ConvNeXt-Base, so part of the backbone was likely frozen. The cascade stages are described in sheet 5. Green-header columns K and L are the official NIH split runs (mean of seeds 42, 43, 44; inference time measured at batch 32 on a T4, fp16). Their numbers are not comparable with the other columns, which use different random splits. Cascade timing: forward pass only, fp16, Tesla T4, median of 3 repeats (timing_*.json, Kaggle session T, 2026-09-24). At batch 1: ConvNeXt-Tiny 11.4 ms, RAD-DINO 22.2 ms.

Sheet 3. Team Models (random split)
A1: 3. Team Models — random split benchmark (condensed)
A2: Seven team models plus a logit-average ensemble, all tested on the same random-split test set (15,917 images). Values as reported in each model's notebook/log (not recomputed from predictions). n/r = not reported.
A3: Different split from sheets 4–5. These numbers must not be compared with the official-split results: the official test set is harder (e.g. RAD-DINO: 0.851 here vs 0.836 on the official test).
A5: A. Headline benchmark
A6: Model | B6: Type | C6: Pre-training | D6: Macro AUROC | E6: Macro F1 | F6: Micro F1 | G6: Weighted F1 | H6: Macro AUPRC | I6: Macro precision | J6: Macro recall | K6: Macro specificity | L6: Macro MCC | M6: Hamming accuracy | N6: Subset accuracy | O6: Rank (AUROC) | P6: Thresholds
A7: Hasib (DenseNet-121) | B7: CNN | C7: Chest X-rays | D7: 0.76 | E7: 0.18 | F7: 0.2 | G7: 0.27 | H7: n/r | I7: 0.12 | J7: 0.56 | K7: n/r | L7: n/r | M7: n/a | N7: n/a | O7: 8 | P7: Fixed 0.50
A8: Marjia (ConvNeXt-Tiny) | B8: CNN | C8: ImageNet | D8: 0.831 | E8: 0.3 | F8: 0.36 | G8: 0.37 | H8: n/r | I8: 0.27 | J8: 0.37 | K8: n/r | L8: n/r | M8: 0.921 | N8: 0.429 | O8: 4 | P8: Tuned per class
A9: Tanzil (DenseNet-121 improved) | B9: CNN | C9: Chest X-rays | D9: 0.813 | E9: 0.28 | F9: 0.33 | G9: 0.35 | H9: n/r | I9: 0.23 | J9: 0.39 | K9: n/r | L9: n/r | M9: 0.906 | N9: 0.395 | O9: 6 | P9: Tuned per class
A10: BioViL-T | B10: Vision-language | C10: Biomedical image + text | D10: 0.836 | E10: 0.32 | F10: 0.37 | G10: 0.39 | H10: n/r | I10: 0.29 | J10: 0.4 | K10: n/r | L10: n/r | M10: 0.92 | N10: 0.415 | O10: 3 | P10: Tuned per class
A11: ConvNeXt-Base | B11: CNN | C11: ImageNet | D11: 0.819 | E11: 0.29 | F11: 0.36 | G11: 0.36 | H11: n/r | I11: 0.25 | J11: 0.36 | K11: n/r | L11: n/r | M11: 0.917 | N11: 0.394 | O11: 5 | P11: Tuned per class
A12: ConvNeXt-Small | B12: CNN | C12: ImageNet | D12: 0.806 | E12: 0.31 | F12: n/r | G12: n/r | H12: 0.247 | I12: 0.275 | J12: 0.381 | K12: 0.937 | L12: 0.273 | M12: n/r | N12: n/r | O12: 7 | P12: Best (F1) strategy
A13: RAD-DINO | B13: ViT (self-supervised) | C13: Chest X-rays (DINOv2) | D13: 0.851 | E13: 0.36 | F13: n/r | G13: n/r | H13: 0.295 | I13: 0.311 | J13: 0.451 | K13: 0.938 | L13: 0.328 | M13: n/r | N13: n/r | O13: 1 | P13: Best (F1) strategy
A14: Ensemble: logit average of first five | B14: Ensemble | C14: – | D14: 0.849 | E14: n/r | F14: n/r | G14: n/r | H14: n/r | I14: n/r | J14: n/r | K14: n/r | L14: n/r | M14: n/r | N14: n/r | O14: 2 | P14: n/r
A15: Team models, all on the same 15,917-image test set. F1 for Marjia, Tanzil, BioViL-T and ConvNeXt-Base uses tuned thresholds (like-for-like). Hasib uses a fixed 0.50. ConvNeXt-Small and RAD-DINO use their best (F1) strategy. Hamming accuracy is inflated because most labels are negative: predicting 'no disease' everywhere already scores ~0.90.
A17: B. Per-disease AUROC (green = best model for that disease)
A18: Disease | B18: Test cases | C18: Hasib (DenseNet-121) | D18: Marjia (ConvNeXt-Tiny) | E18: Tanzil (DenseNet-121 improved) | F18: BioViL-T | G18: ConvNeXt-Base | H18: ConvNeXt-Small | I18: RAD-DINO | J18: Best model
A19: Hernia | B19: 62 | C19: 0.788 | D19: 0.905 | E19: 0.938 | F19: 0.916 | G19: 0.852 | H19: 0.906 | I19: 0.967 | J19: RAD-DINO
A20: Emphysema | B20: 351 | C20: 0.7 | D20: 0.902 | E20: 0.78 | F20: 0.889 | G20: 0.909 | H20: 0.923 | I20: 0.947 | J20: RAD-DINO
A21: Edema | B21: 343 | C21: 0.849 | D21: 0.914 | E21: 0.887 | F21: 0.909 | G21: 0.904 | H21: 0.896 | I21: 0.91 | J21: Marjia (ConvNeXt-Tiny)
A22: Pneumothorax | B22: 703 | C22: 0.766 | D22: 0.88 | E22: 0.821 | F22: 0.873 | G22: 0.881 | H22: 0.872 | I22: 0.91 | J22: RAD-DINO
A23: Cardiomegaly | B23: 367 | C23: 0.885 | D23: 0.905 | E23: 0.908 | F23: 0.904 | G23: 0.883 | H23: 0.885 | I23: 0.901 | J23: Tanzil (DenseNet-121 improved)
A24: Mass | B24: 848 | C24: 0.795 | D24: 0.853 | E24: 0.854 | F24: 0.875 | G24: 0.842 | H24: 0.827 | I24: 0.895 | J24: RAD-DINO
A25: Effusion | B25: 1755 | C25: 0.835 | D25: 0.876 | E25: 0.868 | F25: 0.882 | G25: 0.867 | H25: 0.869 | I25: 0.885 | J25: RAD-DINO
A26: Atelectasis | B26: 1685 | C26: 0.755 | D26: 0.806 | E26: 0.791 | F26: 0.823 | G26: 0.801 | H26: 0.791 | I26: 0.839 | J26: RAD-DINO
A27: Fibrosis | B27: 228 | C27: 0.735 | D27: 0.799 | E27: 0.797 | F27: 0.798 | G27: 0.806 | H27: 0.789 | I27: 0.833 | J27: RAD-DINO
A28: Nodule | B28: 894 | C28: 0.652 | D28: 0.754 | E28: 0.734 | F28: 0.787 | G28: 0.749 | H28: 0.696 | I28: 0.813 | J28: RAD-DINO
A29: Consolidation | B29: 563 | C29: 0.779 | D29: 0.783 | E29: 0.794 | F29: 0.799 | G29: 0.791 | H29: 0.767 | I29: 0.797 | J29: BioViL-T
A30: Pleural Thickening | B30: 444 | C30: 0.726 | D30: 0.772 | E30: 0.746 | F30: 0.771 | G30: 0.749 | H30: 0.708 | I30: 0.79 | J30: RAD-DINO
... A32: Infiltration | B32: 2777 | C32: 0.664 | D32: 0.708 | E32: 0.695 | F32: 0.706 | G32: 0.702 | H32: 0.688 | I32: 0.702 | J32: Marjia (ConvNeXt-Tiny)
A33: Red rows = hardest diseases. RAD-DINO leads on 12 of the 14 diseases and reaches 0.851, above the logit-average ensemble of the first five models (0.849). Within the ConvNeXt family, bigger/higher resolution did not help: Tiny 0.831 > Base 0.819 > Small-384 0.806.
A35: C. Per-disease F1
A36: Disease | B36: Test cases | C36: Hasib (DenseNet-121) | D36: Marjia (ConvNeXt-Tiny) | E36: Tanzil (DenseNet-121 improved) | F36: BioViL-T | G36: ConvNeXt-Base | H36: ConvNeXt-Small | I36: RAD-DINO | J36: Best model
A37: Infiltration | B37: 2777 | C37: 0.34 | D37: 0.4 | E37: 0.39 | F37: 0.4 | G37: 0.4 | H37: 0.39 | I37: 0.39 | J37: Marjia (ConvNeXt-Tiny), BioViL-T, ConvNeXt-Base
A38: Effusion | B38: 1755 | C38: 0.42 | D38: 0.52 | E38: 0.5 | F38: 0.54 | G38: 0.5 | H38: 0.47 | I38: 0.49 | J38: BioViL-T
A39: Atelectasis | B39: 1685 | C39: 0.33 | D39: 0.4 | E39: 0.38 | F39: 0.42 | G39: 0.39 | H39: 0.37 | I39: 0.43 | J39: RAD-DINO
A40: Nodule | B40: 894 | C40: 0.16 | D40: 0.29 | E40: 0.26 | F40: 0.34 | G40: 0.29 | H40: 0.24 | I40: 0.35 | J40: RAD-DINO
A41: Mass | B41: 848 | C41: 0.28 | D41: 0.41 | E41: 0.41 | F41: 0.44 | G41: 0.4 | H41: 0.42 | I41: 0.44 | J41: BioViL-T, RAD-DINO
A42: Pneumothorax | B42: 703 | C42: 0.18 | D42: 0.39 | E42: 0.29 | F42: 0.4 | G42: 0.39 | H42: 0.41 | I42: 0.46 | J42: RAD-DINO
A43: Consolidation | B43: 563 | C43: 0.16 | D43: 0.19 | E43: 0.19 | F43: 0.21 | G43: 0.18 | H43: 0.02 | I43: 0.01 | J43: BioViL-T
A44: Pleural Thickening | B44: 444 | C44: 0.11 | D44: 0.16 | E44: 0.17 | F44: 0.19 | G44: 0.16 | H44: 0.05 | I44: 0.16 | J44: BioViL-T
A45: Cardiomegaly | B45: 367 | C45: 0.18 | D45: 0.3 | E45: 0.29 | F45: 0.31 | G45: 0.28 | H45: 0.27 | I45: 0.3 | J45: BioViL-T
A46: Emphysema | B46: 351 | C46: 0.09 | D46: 0.39 | E46: 0.13 | F46: 0.37 | G46: 0.4 | H46: 0.41 | I46: 0.43 | J46: RAD-DINO
A47: Edema | B47: 343 | C47: 0.15 | D47: 0.29 | E47: 0.23 | F47: 0.27 | G47: 0.27 | H47: 0.15 | I47: 0.2 | J47: Marjia (ConvNeXt-Tiny)
A48: Fibrosis | B48: 228 | C48: 0.06 | D48: 0.16 | E48: 0.12 | F48: 0.17 | G48: 0.15 | H48: 0.08 | I48: 0.21 | J48: RAD-DINO
... A50: Hernia | B50: 62 | C50: 0.03 | D50: 0.22 | E50: 0.46 | F50: 0.39 | G50: 0.13 | H50: 0.4 | I50: 0.56 | J50: RAD-DINO
A51: Hasib: fixed 0.50. Marjia, Tanzil, BioViL-T, ConvNeXt-Base: tuned. ConvNeXt-Small and RAD-DINO: PPV>=0.30 strategy (the only per-class breakdown in their logs), which understates both. RAD-DINO still has the best F1 on 9 of 14 diseases.
A53: D. Per-disease precision
A54: Disease | B54: Test cases | C54: Hasib (DenseNet-121) | D54: Marjia (ConvNeXt-Tiny) | E54: Tanzil (DenseNet-121 improved) | F54: BioViL-T | G54: ConvNeXt-Base | H54: ConvNeXt-Small | I54: RAD-DINO | J54: Best model
A55: Infiltration | B55: 2777 | C55: 0.32 | D55: 0.38 | E55: 0.33 | F55: 0.34 | G55: 0.32 | H55: 0.29 | I55: 0.28 | J55: Marjia (ConvNeXt-Tiny)
A56: Effusion | B56: 1755 | C56: 0.3 | D56: 0.46 | E56: 0.42 | F56: 0.48 | G56: 0.45 | H56: 0.34 | I56: 0.34 | J56: BioViL-T
A57: Atelectasis | B57: 1685 | C57: 0.24 | D57: 0.31 | E57: 0.31 | F57: 0.35 | G57: 0.31 | H57: 0.32 | I57: 0.32 | J57: BioViL-T
A58: Nodule | B58: 894 | C58: 0.09 | D58: 0.28 | E58: 0.24 | F58: 0.31 | G58: 0.27 | H58: 0.31 | I58: 0.32 | J58: RAD-DINO
A59: Mass | B59: 848 | C59: 0.19 | D59: 0.35 | E59: 0.41 | F59: 0.39 | G59: 0.4 | H59: 0.39 | I59: 0.34 | J59: Tanzil (DenseNet-121 improved)
A60: Pneumothorax | B60: 703 | C60: 0.11 | D60: 0.32 | E60: 0.21 | F60: 0.37 | G60: 0.31 | H60: 0.36 | I60: 0.36 | J60: BioViL-T
A61: Consolidation | B61: 563 | C61: 0.09 | D61: 0.12 | E61: 0.13 | F61: 0.14 | G61: 0.12 | H61: 0.19 | I61: 0.17 | J61: ConvNeXt-Small
A62: Pleural Thickening | B62: 444 | C62: 0.06 | D62: 0.13 | E62: 0.12 | F62: 0.14 | G62: 0.13 | H62: 0.25 | I62: 0.27 | J62: RAD-DINO
A63: Cardiomegaly | B63: 367 | C63: 0.1 | D63: 0.28 | E63: 0.3 | F63: 0.3 | G63: 0.26 | H63: 0.26 | I63: 0.28 | J63: Tanzil (DenseNet-121 improved), BioViL-T
A64: Emphysema | B64: 351 | C64: 0.05 | D64: 0.38 | E64: 0.08 | F64: 0.38 | G64: 0.34 | H64: 0.3 | I64: 0.31 | J64: Marjia (ConvNeXt-Tiny), BioViL-T
A65: Edema | B65: 343 | C65: 0.09 | D65: 0.23 | E65: 0.16 | F65: 0.22 | G65: 0.21 | H65: 0.32 | I65: 0.33 | J65: RAD-DINO
A66: Fibrosis | B66: 228 | C66: 0.03 | D66: 0.14 | E66: 0.08 | F66: 0.14 | G66: 0.15 | H66: 0.28 | I66: 0.23 | J66: ConvNeXt-Small
... A68: Hernia | B68: 62 | C68: 0.02 | D68: 0.37 | E68: 0.4 | F68: 0.4 | G68: 0.16 | H68: 0.34 | I68: 0.47 | J68: RAD-DINO
A70: E. Per-disease recall
A71: Disease | B71: Test cases | C71: Hasib (DenseNet-121) | D71: Marjia (ConvNeXt-Tiny) | E71: Tanzil (DenseNet-121 improved) | F71: BioViL-T | G71: ConvNeXt-Base | H71: ConvNeXt-Small | I71: RAD-DINO | J71: Best model
A72: Infiltration | B72: 2777 | C72: 0.36 | D72: 0.43 | E72: 0.49 | F72: 0.49 | G72: 0.53 | H72: 0.58 | I72: 0.63 | J72: RAD-DINO
A73: Effusion | B73: 1755 | C73: 0.74 | D73: 0.58 | E73: 0.63 | F73: 0.6 | G73: 0.56 | H73: 0.76 | I73: 0.83 | J73: RAD-DINO
A74: Atelectasis | B74: 1685 | C74: 0.55 | D74: 0.54 | E74: 0.48 | F74: 0.52 | G74: 0.52 | H74: 0.44 | I74: 0.66 | J74: RAD-DINO
A75: Nodule | B75: 894 | C75: 0.49 | D75: 0.31 | E75: 0.29 | F75: 0.36 | G75: 0.31 | H75: 0.2 | I75: 0.4 | J75: Hasib (DenseNet-121)
A76: Mass | B76: 848 | C76: 0.53 | D76: 0.5 | E76: 0.42 | F76: 0.52 | G76: 0.41 | H76: 0.45 | I76: 0.61 | J76: RAD-DINO
A77: Pneumothorax | B77: 703 | C77: 0.65 | D77: 0.51 | E77: 0.46 | F77: 0.45 | G77: 0.51 | H77: 0.48 | I77: 0.64 | J77: Hasib (DenseNet-121)
A78: Consolidation | B78: 563 | C78: 0.61 | D78: 0.42 | E78: 0.38 | F78: 0.39 | G78: 0.39 | H78: 0.01 | I78: 0 | J78: Hasib (DenseNet-121)
A79: Pleural Thickening | B79: 444 | C79: 0.51 | D79: 0.21 | E79: 0.31 | F79: 0.32 | G79: 0.24 | H79: 0.03 | I79: 0.11 | J79: Hasib (DenseNet-121)
A80: Cardiomegaly | B80: 367 | C80: 0.7 | D80: 0.32 | E80: 0.29 | F80: 0.33 | G80: 0.29 | H80: 0.28 | I80: 0.32 | J80: Hasib (DenseNet-121)
A81: Emphysema | B81: 351 | C81: 0.45 | D81: 0.4 | E81: 0.27 | F81: 0.36 | G81: 0.49 | H81: 0.66 | I81: 0.74 | J81: RAD-DINO
A82: Edema | B82: 343 | C82: 0.62 | D82: 0.4 | E82: 0.44 | F82: 0.35 | G82: 0.41 | H82: 0.1 | I82: 0.14 | J82: Hasib (DenseNet-121)
A83: Fibrosis | B83: 228 | C83: 0.58 | D83: 0.21 | E83: 0.22 | F83: 0.21 | G83: 0.15 | H83: 0.05 | I83: 0.18 | J83: Hasib (DenseNet-121)
... A85: Hernia | B85: 62 | C85: 0.53 | D85: 0.16 | E85: 0.53 | F85: 0.39 | G85: 0.11 | H85: 0.5 | I85: 0.69 | J85: RAD-DINO
A86: Hasib's fixed 0.50 threshold gives high recall but very low precision; most other models were tuned for F1.
A88: F. Key findings (team models)
A89: # | B89: Finding | C89: Evidence
A90: 1 | B90: RAD-DINO is the strongest model overall. | C90: Test macro AUROC 0.8513 vs BioViL-T 0.836, Marjia 0.831, ConvNeXt-Base 0.819, Tanzil 0.813, ConvNeXt-Small 0.806, Hasib 0.759. Also best macro F1 (0.360), AUPRC (0.295) and MCC (0.328).
A91: 2 | B91: Domain-specific pre-training is what moves the number. | C91: The two models pre-trained on medical data (RAD-DINO, BioViL-T) take the top two places. Every ImageNet-pretrained model sits between 0.806 and 0.831.
A92: 3 | B92: Bigger does not help within ConvNeXt. | C92: Tiny 0.831 > Base 0.819 > Small-384 0.806. With ~78k training images the larger models appear to overfit.
A93: 4 | B93: Hasib is the clear outlier. | C93: 0.077 below the leader on AUROC, macro F1 0.18. Top four of the first five span only 0.023 AUROC.
A94: 5 | B94: Threshold tuning matters as much as the backbone. | C94: Hasib's fixed 0.50: recall ~0.56, precision 0.12. Tuning lifts BioViL-T F1 0.28 → 0.32 and ConvNeXt-Base 0.22 → 0.29.
A95: 6 | B95: RAD-DINO fixed Nodule. | C95: Nodule AUROC rises from 0.652 (Hasib) / 0.696 (ConvNeXt-Small) / 0.787 (BioViL-T) to 0.813. Fibrosis (0.833) and Pleural Thickening (0.790) improve too.
A96: 7 | B96: Infiltration is the wall nobody has broken. | C96: Best AUROC across all models is 0.708 (Marjia); it also has the lowest per-class accuracy (0.717–0.778).
A97: 8 | B97: Precision is the shared weak point. | C97: Best weighted precision is 0.34 (BioViL-T): most flagged cases would be false alarms.
A98: 9 | B98: AUPRC shows the task is harder than AUROC suggests. | C98: RAD-DINO macro AUPRC 0.295 vs AUROC 0.851. Pneumonia (0.044) and Consolidation (0.129) are barely detected in precision-recall terms.
A99: 10 | B99: Do not lead with accuracy. | C99: Predicting 'no disease' everywhere already gives ~0.90 Hamming accuracy.

Sheet 4. Official Split Results
A1: 4. Official NIH Split — Final Results (seed 42)
A2: Test = official NIH test list (25,596 images, 2,797 patients). One training seed (42), no TTA. Per-class Platt calibration and per-class F1-max thresholds fitted on validation only. 95% CI = patient-level bootstrap, 1,000 resamples. Source: results_s42 (T2, T3, T5).
A4: A. Main results (test set)
A5: System | B5: Macro AUROC | C5: 95% CI | D5: Macro AUPRC | E5: 95% CI | F5: Macro F1 | G5: 95% CI | H5: Micro F1 | I5: 95% CI | J5: Macro precision | K5: Macro recall | L5: Macro specificity | M5: ECE (lower = better)
A6: CNN alone (ConvNeXt-Tiny) | B6: 0.82630389 | C6: 0.820–0.832 | D6: 0.29884675 | E6: 0.285–0.315 | F6: 0.35391016 | G6: 0.334–0.369 | H6: 0.41717 | I6: 0.409–0.425 | J6: 0.31884096 | K6: 0.43042032 | L6: 0.90396065 | M6: 0.011726549
A7: RAD-DINO alone | B7: 0.83638611 | C7: 0.830–0.842 | D7: 0.32232227 | E7: 0.310–0.337 | F7: 0.37877978 | G7: 0.365–0.390 | H7: 0.43170705 | I7: 0.424–0.439 | J7: 0.33618678 | K7: 0.46156028 | L7: 0.90217277 | M7: 0.01061048
A8: Average of both (every image) | B8: 0.84277771 | C8: 0.837–0.848 | D8: 0.32918472 | E8: 0.316–0.343 | F8: 0.38178977 | G8: 0.367–0.393 | H8: 0.44211246 | I8: 0.434–0.449 | J8: 0.34114871 | K8: 0.45610688 | L8: 0.90919431 | M8: 0.010326673
A9: Cascade t = 0.80 (selected on val) | B9: 0.83247514 | C9: 0.826–0.838 | D9: 0.31761424 | E9: 0.305–0.332 | F9: 0.37088237 | G9: 0.356–0.382 | H9: 0.42734521 | I9: 0.419–0.435 | J9: 0.34010485 | K9: 0.44541387 | L9: 0.90361631 | M9: 0.011292517
A10: Green = best in the column. Highlighted row = the cascade selected on validation (sheet 5). The average of both models is best on AUROC, AUPRC and F1 but runs both models on every image.
A12: B. Is the difference real? (paired patient-level bootstrap, Holm-corrected)
A13: Comparison (A − B) | B13: Metric | C13: Difference | D13: 95% CI | E13: Relative % | F13: Holm p | G13: Significant?
A14: RAD-DINO alone − CNN alone | B14: Macro AUROC | C14: 0.010082216 | D14: +0.0063 to +0.0140 | E14: 0.012201583 | F14: 0.005994006 | G14: Yes
A15: Average of both − CNN alone | B15: Macro AUROC | C15: 0.016473815 | D15: +0.0139 to +0.0193 | E15: 0.019936751 | F15: 0.005994006 | G15: Yes
A16: Cascade t = 0.80 − CNN alone | B16: Macro AUROC | C16: 0.0061712486 | D16: +0.0034 to +0.0089 | E16: 0.0074684975 | F16: 0.005994006 | G16: Yes
A17: Average of both − RAD-DINO alone | B17: Macro AUROC | C17: 0.0063915989 | D17: +0.0049 to +0.0079 | E17: 0.0076419237 | F17: 0.005994006 | G17: Yes
A18: Cascade t = 0.80 − RAD-DINO alone | B18: Macro AUROC | C18: -0.0039109672 | D18: -0.0065 to -0.0017 | E18: -0.0046760307 | F18: 0.005994006 | G18: Yes
A19: Cascade t = 0.80 − Average of both | B19: Macro AUROC | C19: -0.010302566 | D19: -0.0129 to -0.0084 | E19: -0.012224535 | F19: 0.005994006 | G19: Yes
A20: RAD-DINO alone − CNN alone | B20: Macro AUPRC | C20: 0.023475521 | D20: +0.0131 to +0.0339 | E20: 0.07855371 | F20: 0.005994006 | G20: Yes
A21: Average of both − CNN alone | B21: Macro AUPRC | C21: 0.030337969 | D21: +0.0229 to +0.0379 | E21: 0.10151681 | F21: 0.005994006 | G21: Yes
A22: Cascade t = 0.80 − CNN alone | B22: Macro AUPRC | C22: 0.01876749 | D22: +0.0099 to +0.0290 | E22: 0.062799713 | F22: 0.005994006 | G22: Yes
A23: Average of both − RAD-DINO alone | B23: Macro AUPRC | C23: 0.0068624481 | D23: +0.0028 to +0.0113 | E23: 0.021290642 | F23: 0.005994006 | G23: Yes
A24: Cascade t = 0.80 − RAD-DINO alone | B24: Macro AUPRC | C24: -0.0047080307 | D24: -0.0085 to -0.0012 | E24: -0.014606594 | F24: 0.01 | G24: Yes
A25: Cascade t = 0.80 − Average of both | B25: Macro AUPRC | C25: -0.011570479 | D25: -0.0151 to -0.0077 | E25: -0.035148894 | F25: 0.005994006 | G25: Yes
... A37: Cascade t = 0.80 − Average of both | B37: Micro F1 | C37: -0.014767245 | D37: -0.0182 to -0.0113 | E37: -0.033401558 | F37: 0.005994006 | G37: Yes
A38: Significant = CI excludes 0 and Holm p < 0.05. With 25,596 paired images even small gaps are significant: the cascade is 0.004 AUROC and 0.008 macro F1 below RAD-DINO alone. Yellow = not significant (average vs RAD-DINO on macro F1).
A40: C. Validation vs test (macro values) — every system drops on the official test set
A41: System | B41: Val AUROC | C41: Test AUROC | D41: Change | E41: Val F1 | F41: Test F1 | G41: Change
A42: CNN alone (ConvNeXt-Tiny) | B42: 0.85977526 | C42: 0.82630389 | D42: =C42-B42 -> -0.033471361 | E42: 0.35051272 | F42: 0.35391016 | G42: =F42-E42 -> 0.0033974428
A43: RAD-DINO alone | B43: 0.86511315 | C43: 0.83638611 | D43: =C43-B43 -> -0.028727035 | E43: 0.37218226 | F43: 0.37877978 | G43: =F43-E43 -> 0.0065975115
A44: Average of both (every image) | B44: 0.87350997 | C44: 0.84277771 | D44: =C44-B44 -> -0.030732256 | E44: 0.37273628 | F44: 0.38178977 | G44: =F44-E44 -> 0.0090534969
A45: Cascade t = 0.80 (selected on val) | B45: 0.8637643 | C45: 0.83247514 | D45: =C45-B45 -> -0.031289153 | E45: 0.36629462 | F45: 0.37088237 | G45: =F45-E45 -> 0.0045877492
A46: AUROC falls by about 0.03 for every system: this is the harder official test set (sheet 1, section C), not a cascade problem. F1 rises slightly because the test set has higher prevalence, which makes F1 easier.
A48: D. Per-disease AUROC (test)
A49: Disease | B49: Test cases | C49: Prevalence | D49: CNN alone | E49: RAD-DINO alone | F49: Average of both | G49: Cascade
A50: Infiltration | B50: 6112 | C50: 0.23878731 | D50: 0.70898552 | E50: 0.70942717 | F50: 0.71684055 | G50: 0.70750891
A51: Effusion | B51: 4658 | C51: 0.18198156 | D51: 0.83933057 | E51: 0.84250478 | F51: 0.84776989 | G51: 0.84164504
A52: Atelectasis | B52: 3279 | C52: 0.12810595 | D52: 0.79046467 | E52: 0.79802443 | F52: 0.80433389 | G52: 0.79487516
A53: Pneumothorax | B53: 2665 | C53: 0.10411783 | D53: 0.88229402 | E53: 0.90407989 | F53: 0.90530959 | G53: 0.90173011
A54: Consolidation | B54: 1815 | C54: 0.070909517 | D54: 0.7606011 | E54: 0.76083792 | F54: 0.77198758 | G54: 0.76003229
A55: Mass | B55: 1748 | C55: 0.068291921 | D55: 0.84584396 | E55: 0.85129688 | F55: 0.85983639 | G55: 0.84798217
A56: Nodule | B56: 1623 | C56: 0.063408345 | D56: 0.79805601 | E56: 0.80301558 | F56: 0.81694432 | G56: 0.79360139
A57: Pleural Thickening | B57: 1143 | C57: 0.044655415 | D57: 0.79352805 | E57: 0.81380713 | F57: 0.81665721 | G57: 0.81064035
A58: Emphysema | B58: 1093 | C58: 0.042701985 | D58: 0.93636379 | E58: 0.94932163 | F58: 0.94834105 | G58: 0.94543807
A59: Cardiomegaly | B59: 1069 | C59: 0.041764338 | D59: 0.88784882 | E59: 0.8982793 | F59: 0.90359911 | G59: 0.89766115
A60: Edema | B60: 925 | C60: 0.036138459 | D60: 0.8579023 | E60: 0.85644719 | F60: 0.86580421 | G60: 0.8559208
A61: Pneumonia | B61: 555 | C61: 0.021683075 | D61: 0.72747217 | E61: 0.72947386 | F61: 0.74150861 | G61: 0.73090999
... A63: Hernia * | B63: 86 | C63: 0.0033599 | D63: 0.91016177 | E63: 0.9440632 | F63: 0.9492005 | G63: 0.92801136
A64: Macro average | B64: 27206 | D64: 0.82630389 | E64: 0.83638611 | F64: 0.84277771 | G64: 0.83247514
A65: Green = best system for that disease. * = fewer than 100 test cases, so the value is uncertain.
A67: E. Per-disease AUPRC (test)
A68: Disease | B68: Test cases | C68: Prevalence | D68: CNN alone | E68: RAD-DINO alone | F68: Average of both | G68: Cascade
A69: Infiltration | B69: 6112 | C69: 0.23878731 | D69: 0.40664432 | E69: 0.40234168 | F69: 0.41068951 | G69: 0.4018982
A70: Effusion | B70: 4658 | C70: 0.18198156 | D70: 0.53713432 | E70: 0.54070984 | F70: 0.55036135 | G70: 0.5405529
A71: Atelectasis | B71: 3279 | C71: 0.12810595 | D71: 0.3637322 | E71: 0.38529781 | F71: 0.38987229 | G71: 0.38487184
A72: Pneumothorax | B72: 2665 | C72: 0.10411783 | D72: 0.43845283 | E72: 0.49423321 | F72: 0.4891355 | G72: 0.48994495
A73: Consolidation | B73: 1815 | C73: 0.070909517 | D73: 0.1791548 | E73: 0.18422827 | F73: 0.1946109 | G73: 0.1843727
A74: Mass | B74: 1748 | C74: 0.068291921 | D74: 0.35087871 | E74: 0.38120238 | F74: 0.38291761 | G74: 0.37363631
A75: Nodule | B75: 1623 | C75: 0.063408345 | D75: 0.25753827 | E75: 0.26925016 | F75: 0.28072844 | G75: 0.26167077
A76: Pleural Thickening | B76: 1143 | C76: 0.044655415 | D76: 0.16679194 | E76: 0.17623459 | F76: 0.18327281 | G76: 0.17300877
A77: Emphysema | B77: 1093 | C77: 0.042701985 | D77: 0.47221203 | E77: 0.47936855 | F77: 0.49538144 | G77: 0.47561765
A78: Cardiomegaly | B78: 1069 | C78: 0.041764338 | D78: 0.34108917 | E78: 0.36290049 | F78: 0.37068571 | G78: 0.35919636
A79: Edema | B79: 925 | C79: 0.036138459 | D79: 0.19215456 | E79: 0.19160737 | F79: 0.20368318 | G79: 0.19091317
A80: Pneumonia | B80: 555 | C80: 0.021683075 | D80: 0.053511788 | E80: 0.061547095 | F80: 0.062176916 | G80: 0.060329336
... A82: Hernia * | B82: 86 | C82: 0.0033599 | D82: 0.30408647 | E82: 0.43356964 | F82: 0.44744895 | G82: 0.41026394
A83: Macro average | B83: 27206 | D83: 0.29884675 | E83: 0.32232227 | F83: 0.32918472 | G83: 0.31761424
A84: AUPRC is much lower than AUROC because most diseases are rare; compare it with the prevalence column (random guessing scores the prevalence).
A86: F. Per-disease F1 (test; thresholds tuned on validation)
A87: Disease | B87: Test cases | C87: Prevalence | D87: CNN alone | E87: RAD-DINO alone | F87: Average of both | G87: Cascade
A88: Infiltration | B88: 6112 | C88: 0.23878731 | D88: 0.4600435 | E88: 0.46850624 | F88: 0.46786976 | G88: 0.47169432
A89: Effusion | B89: 4658 | C89: 0.18198156 | D89: 0.54063868 | E89: 0.5548527 | F89: 0.55808923 | G89: 0.55398633
A90: Atelectasis | B90: 3279 | C90: 0.12810595 | D90: 0.41361076 | E90: 0.42280604 | F90: 0.43234001 | G90: 0.41717791
A91: Pneumothorax | B91: 2665 | C91: 0.10411783 | D91: 0.49642421 | E91: 0.54046053 | F91: 0.53784657 | G91: 0.52936199
A92: Consolidation | B92: 1815 | C92: 0.070909517 | D92: 0.25325958 | E92: 0.26197272 | F92: 0.26138877 | G92: 0.26220003
A93: Mass | B93: 1748 | C93: 0.068291921 | D93: 0.41351466 | E93: 0.44004171 | F93: 0.45153374 | G93: 0.43818466
A94: Nodule | B94: 1623 | C94: 0.063408345 | D94: 0.30740968 | E94: 0.31766513 | F94: 0.33986577 | G94: 0.30355364
A95: Pleural Thickening | B95: 1143 | C95: 0.044655415 | D95: 0.23391089 | E95: 0.26429342 | F95: 0.23413258 | G95: 0.25118839
A96: Emphysema | B96: 1093 | C96: 0.042701985 | D96: 0.51033126 | E96: 0.54113924 | F96: 0.54998169 | G96: 0.53460423
A97: Cardiomegaly | B97: 1069 | C97: 0.041764338 | D97: 0.39798719 | E97: 0.42504259 | F97: 0.43207982 | G97: 0.41564347
A98: Edema | B98: 925 | C98: 0.036138459 | D98: 0.26833977 | E98: 0.25734549 | F98: 0.26875 | G98: 0.25560081
A99: Pneumonia | B99: 555 | C99: 0.021683075 | D99: 0.088353414 | E99: 0.089445438 | F99: 0.080321285 | G99: 0.086486486
... A101: Hernia * | B101: 86 | C101: 0.0033599 | D101: 0.38235294 | E101: 0.50666667 | F101: 0.52 | G101: 0.48529412
A102: Macro average | B102: 27206 | D102: 0.35391016 | E102: 0.37877978 | F102: 0.38178977 | G102: 0.37088237
A103: Infiltration, Effusion and Pneumothorax are the most common findings; Pneumonia stays the hardest (F1 < 0.10 for every system).
A105: G. Training logs (seed 42)
A106: Epoch | B106: ConvNeXt-Tiny phase | C106: Train loss | D106: Val loss | E106: Val macro AUROC | F106: Epoch time (min) | H106: RAD-DINO phase | I106: Train loss | J106: Val loss | K106: Val macro AUROC | L106: Epoch time (min)
A107: 1 | B107: warmup | C107: 0.40208487 | D107: 0.35478529 | E107: 0.73930148 | F107: 14.994547 | H107: warmup | I107: 0.3614317 | J107: 0.33112514 | K107: 0.81837509 | L107: 33.790405
A108: 2 | B108: finetune | C108: 0.35329698 | D108: 0.32734227 | E108: 0.81866047 | F108: 21.729981 | H108: warmup | I108: 0.32487147 | J108: 0.31433696 | K108: 0.83751789 | L108: 33.782865
A109: 3 | B109: finetune | C109: 0.32482555 | D109: 0.31303209 | E109: 0.84053312 | F109: 21.594195 | H109: finetune | I109: 0.3091796 | J109: 0.29914206 | K109: 0.86304902 | L109: 81.534326
A110: 4 | B110: finetune | C110: 0.31349999 | D110: 0.30848756 | E110: 0.85204382 | F110: 21.62397 | H110: finetune | I110: 0.29433214 | J110: 0.29839653 | K110: 0.86511315 | L110: 81.55641
A111: 5 | B111: finetune | C111: 0.30390625 | D111: 0.3085281 | E111: 0.85602372 | F111: 21.522073 | H111: finetune | I111: 0.28132951 | J111: 0.30098769 | K111: 0.86181331 | L111: 81.547031
A112: 6 | B112: finetune | C112: 0.29392544 | D112: 0.30540708 | E112: 0.85977526 | F112: 21.66304 | H112: finetune | I112: 0.2732221 | J112: 0.30231169 | K112: 0.86102607 | L112: 81.574145
A113: 7 | B113: finetune | C113: 0.28410942 | D113: 0.31262472 | E113: 0.85822482 | F113: 21.62318
A114: 8 | B114: finetune | C114: 0.27566904 | D114: 0.31603903 | E114: 0.85750293 | F114: 21.712986
A115: Green = best validation AUROC (the checkpoint kept). Total training: ConvNeXt-Tiny 2.77 h, RAD-DINO 6.56 h on one Tesla T4. RAD-DINO results use EMA weights.

Sheet 5. Two-Stage Cascade
A1: 5. Two-Stage Cascade: CNN (ConvNeXt-Tiny) → Transformer (RAD-DINO) — official split, seed 42
A2: A fast CNN decides the images it is confident about; RAD-DINO is called only for the rest. Everything is chosen on validation and then applied unchanged to the official test set. Source: results_s42 (T4, T5, T6, timing_*.json).
A4: A. How it works
A5: Component | B5: Details
A6: Stage 1 (CNN) | B6: ConvNeXt-Tiny, 384 px, scores all 14 findings.
A7: Calibration | B7: Per-class Platt scaling, fitted on validation, so scores behave like probabilities.
A8: Gate | B8: A finding is 'confident' if p ≤ 1 − t (No) or p ≥ t (Yes). An image stays with the CNN only if ALL 14 findings are confident.
A9: Stage 2 (Transformer) | B9: RAD-DINO, 518 px, decides all 14 findings of every routed image (per-image routing).
A10: Decision thresholds | B10: Per class, re-tuned on validation to maximise F1 given the CNN's fixed decisions.
A11: Selection rule | B11: Cheapest gate (fewest validation images sent to RAD-DINO) whose validation macro F1 is within 0.01 of RAD-DINO alone.
A12: Selected | B12: Stage 2 = RAD-DINO, per-image routing, gate t=0.80 (flat).
A13: Seed / TTA | B13: One training seed (42); no test-time augmentation.
A15: B. Gate sweep (per-image routing)
A16: Stage 2 | B16: Gate | C16: Share to RAD-DINO (val) | D16: Share to RAD-DINO (test) | E16: Compute vs RAD-DINO (val) | F16: Compute vs RAD-DINO (test) | G16: Macro F1 (val) | H16: Macro F1 (test) | I16: Macro AUROC (test) | J16: Macro recall (test) | K16: Positive labels missed by CNN (test) | L16: Selected
A17: RAD-DINO | B17: flat t=0.70 | C17: 0.27308058 | D17: 0.56915143 | E17: 0.44855627 | F17: 0.74462711 | G17: 0.33902555 | H17: 0.34715893 | I17: 0.830321 | J17: 0.39490706 | K17: 7024
A18: RAD-DINO | B18: flat t=0.80 | C18: 0.44479695 | D18: 0.77566807 | E18: 0.62027264 | F18: 0.95114376 | G18: 0.36629462 | H18: 0.37088237 | I18: 0.83247514 | J18: 0.44541387 | K18: 2593 | L18: Yes
A19: RAD-DINO | B19: flat t=0.90 | C19: 0.73136104 | D19: 0.93276293 | E19: 0.90683672 | F19: 1.1082386 | G19: 0.36878141 | H19: 0.37939722 | I19: 0.83544409 | J19: 0.46404508 | K19: 466
A20: RAD-DINO | B20: flat t=0.95 | C20: 0.90696383 | D20: 0.98273168 | E20: 1.0824395 | F20: 1.1582074 | G20: 0.37190489 | H20: 0.37945004 | I20: 0.83632296 | J20: 0.4644687 | K20: 77
A21: RAD-DINO | B21: flat t=0.98 | C21: 0.99111675 | D21: 0.99859353 | E21: 1.1665924 | F21: 1.1740692 | G21: 0.37218226 | H21: 0.37879968 | I21: 0.83640203 | J21: 0.46156028 | K21: 1
A22: RAD-DINO | B22: per-class miss<=1% | C22: 0.99563769 | D22: 0.99886701 | E22: 1.1711134 | F22: 1.1743427 | G22: 0.37218226 | H22: 0.37877978 | I22: 0.83639338 | J22: 0.46156028 | K22: 1
A23: RAD-DINO | B23: per-class miss<=2% | C23: 0.98937183 | D23: 0.99781216 | E23: 1.1648475 | F23: 1.1732878 | G23: 0.37218226 | H23: 0.37877978 | I23: 0.83640416 | J23: 0.46156028 | K23: 3
A24: RAD-DINO | B24: per-class miss<=5% | C24: 0.96732234 | D24: 0.99124863 | E24: 1.142798 | F24: 1.1667243 | G24: 0.37215113 | H24: 0.37876079 | I24: 0.83633144 | J24: 0.46151627 | K24: 17
A25: RAD-DINO | B25: per-class miss<=10% | C25: 0.91243655 | D25: 0.97937178 | E25: 1.0879122 | F25: 1.1548475 | G25: 0.37231304 | H25: 0.37877314 | I25: 0.83614311 | J25: 0.46144933 | K25: 65
A26: average | B26: flat t=0.70 | C26: 0.27308058 | D26: 0.56915143 | E26: 0.44855627 | F26: 0.74462711 | G26: 0.3402867 | H26: 0.35186214 | I26: 0.83385749 | J26: 0.37899135 | K26: 7024
A27: average | B27: flat t=0.80 | C27: 0.44479695 | D27: 0.77566807 | E27: 0.62027264 | F27: 0.95114376 | G27: 0.36515508 | H27: 0.37519355 | I27: 0.83719481 | J27: 0.43092719 | K27: 2593
A28: average | B28: flat t=0.90 | C28: 0.73136104 | D28: 0.93276293 | E28: 0.90683672 | F28: 1.1082386 | G28: 0.36924677 | H28: 0.38195904 | I28: 0.84142129 | J28: 0.45146351 | K28: 466
A29: average | B29: flat t=0.95 | C29: 0.90696383 | D29: 0.98273168 | E29: 1.0824395 | F29: 1.1582074 | G29: 0.37246385 | H29: 0.38324396 | I29: 0.84247237 | J29: 0.46935523 | K29: 77
A30: average | B30: flat t=0.98 | C30: 0.99111675 | D30: 0.99859353 | E30: 1.1665924 | F30: 1.1740692 | G30: 0.37273628 | H30: 0.38178977 | I30: 0.84278486 | J30: 0.45610688 | K30: 1
A31: Reference, RAD-DINO alone: macro F1 val 0.3722, test 0.3788; macro AUROC test 0.8364. Compute > 1.00 means the cascade costs MORE than running RAD-DINO on every image. Per-class gates (miss ≤ x%) are safe but send ~98–100% of images to RAD-DINO.
A33: C. Why the gate did not transfer: validation vs test for the selected gate (t = 0.80)
B34: Validation | C34: Test | D34: Test ÷ validation | E34: Comment
A35: Share sent to RAD-DINO | B35: 0.44479695 | C35: 0.77566807 | D35: =C35/B35 -> 1.74387 | E35: The CNN is unsure about far more test images.
A36: Compute vs RAD-DINO (batch 32) | B36: 0.62027264 | C36: 0.95114376 | D36: =C36/B36 -> 1.5334285 | E36: 38% saving on validation shrinks to 5% on test.
A37: Positive labels missed by the CNN | B37: 1977 | C37: 2593 | D37: =C37/B37 -> 1.3115832 | E37: Positives on CNN-decided images that the CNN called No.
A38: Findings per image | B38: 0.6132614 | C38: 1.0629004 | D38: =C38/B38 -> 1.7331931 | E38: Sicker test patients (sheet 1, C).
A39: Images per patient | B39: 3.000476 | C39: 9.1512335 | D39: =C39/B39 -> 3.0499273 | E39: Many follow-up films in test.
A40: About 60% of the jump in routing is explained by the measurable case mix (more findings per image, more images per patient). The rest: even test images labelled 'no finding' are routed more often, likely because of more bedside (AP) films, tubes and lines, and noisy labels.
A42: D. Compute: what the cascade actually costs (edit the blue inputs; the rest recalculates)
A43: Model | B43: ms/image, batch 1 | C43: ms/image, batch 32 | D43: Source
A44: ConvNeXt-Tiny (stage 1) | B44: 11.37152 | C44: 4.0095115 | D44: Measured: forward pass, fp16, Tesla T4, median of 3 repeats (Kaggle session T, 2026-09-24)
A45: RAD-DINO (stage 2) | B45: 22.170719 | C45: 22.849385 | D45: Measured: forward pass, fp16, Tesla T4, median of 3 repeats (Kaggle session T, 2026-09-24)
A47: System | B47: Share to RAD-DINO | C47: ms/image, batch 32 | D47: Compute vs RAD-DINO, batch 32 | E47: ms/image, batch 1 | F47: Compute vs RAD-DINO, batch 1
A48: CNN alone | B48: 0 | C48: =$C$44+B48*$C$45 -> 4.0095115 | D48: =C48/$C$45 -> 0.17547568 | E48: =$B$44+B48*$B$45 -> 11.37152 | F48: =E48/$B$45 -> 0.51290714
A49: RAD-DINO alone | B49: 1 | C49: =$C$45 -> 22.849385 | D49: =C49/$C$45 -> 1 | E49: =$B$45 -> 22.170719 | F49: =E49/$B$45 -> 1
A50: Average of both | B50: 1 | C50: =$C$44+$C$45 -> 26.858897 | D50: =C50/$C$45 -> 1.1754757 | E50: =$B$44+$B$45 -> 33.542239 | F50: =E50/$B$45 -> 1.5129071
A51: Cascade t=0.80 on validation | B51: 0.44479695 | C51: =$C$44+B51*$C$45 -> 14.172848 | D51: =C51/$C$45 -> 0.62027264 | E51: =$B$44+B51*$B$45 -> 21.232988 | F51: =E51/$B$45 -> 0.95770409
A52: Cascade t=0.80 on test | B52: 0.77566807 | C52: =$C$44+B52*$C$45 -> 21.73305 | D52: =C52/$C$45 -> 0.95114376 | E52: =$B$44+B52*$B$45 -> 28.568639 | F52: =E52/$B$45 -> 1.2885752
A53: Break-even share (cascade = RAD-DINO cost) | C53: =1-$C$44/$C$45 -> 0.82452432 | E53: =1-$B$44/$B$45 -> 0.48709286
A54: Cascade cost = CNN time + share × RAD-DINO time (the two models run one after the other). Break-even columns are the share at which the cascade costs as much as RAD-DINO alone. On test the cascade sends 77.6% of images, just under the 82% break-even at batch 32 (~5% saving) and far above the 49% break-even at batch 1 (29% slower). RAD-DINO gets no per-image speed-up from batching at 518 px, while the CNN does.
A56: E. Per-image vs per-finding routing (flat gates, stage 2 = RAD-DINO)
A57: Gate | B57: Share to RAD-DINO (test) | C57: Macro F1 (test), per-image | D57: Macro F1 (test), per-finding | E57: Labels missed, per-image | F57: Labels missed, per-finding
A58: t=0.70 | B58: 0.56915143 | C58: 0.34715893 | D58: 0.27871128 | E58: 7024 | F58: 17305
A59: t=0.80 | B59: 0.77566807 | C59: 0.37088237 | D59: 0.33316203 | E59: 2593 | F59: 13249
A60: t=0.90 | B60: 0.93276293 | C60: 0.37939722 | D60: 0.36139075 | E60: 466 | F60: 7745
A61: t=0.95 | B61: 0.98273168 | C61: 0.37945004 | D61: 0.37035578 | E61: 77 | F61: 4194
A62: t=0.98 | B62: 0.99859353 | C62: 0.37879968 | D62: 0.37678855 | E62: 1 | F62: 1512
A63: Per-image routing wins at every gate. Both modes run RAD-DINO on the same images, so they cost the same; per-finding just throws away RAD-DINO's answers for the findings the CNN was 'confident' about.
A65: F. Which diseases does the CNN decide alone? (selected gate, test)
A66: Disease | B66: Test cases | C66: Images decided by CNN | D66: Positives missed by CNN | E66: Share of positives missed | F66: Recall: cascade | G66: Recall: RAD-DINO alone
A67: Infiltration | B67: 6112 | C67: 0.22433193 | D67: 658 | E67: =D67/B67 -> 0.10765707 | F67: 0.76750654 | G67: 0.78615838
A68: Atelectasis | B68: 3279 | C68: 0.22433193 | D68: 314 | E68: =D68/B68 -> 0.095760903 | F68: 0.60140287 | G68: 0.57670021
A69: Nodule | B69: 1623 | C69: 0.22433193 | D69: 250 | E69: =D69/B69 -> 0.15403574 | F69: 0.28157733 | G69: 0.3185459
A70: Effusion | B70: 4658 | C70: 0.22433193 | D70: 242 | E70: =D70/B70 -> 0.051953628 | F70: 0.65264062 | G70: 0.65908115
A71: Pneumothorax | B71: 2665 | C71: 0.22433193 | D71: 196 | E71: =D71/B71 -> 0.073545966 | F71: 0.58686679 | G71: 0.61651032
A72: Mass | B72: 1748 | C72: 0.22433193 | D72: 161 | E72: =D72/B72 -> 0.092105263 | F72: 0.4805492 | G72: 0.48283753
A73: Cardiomegaly | B73: 1069 | C73: 0.22433193 | D73: 157 | E73: =D73/B73 -> 0.14686623 | F73: 0.42750234 | G73: 0.46679139
A74: Pleural Thickening | B74: 1143 | C74: 0.22433193 | D74: 150 | E74: =D74/B74 -> 0.1312336 | F74: 0.4391951 | G74: 0.42869641
A75: Consolidation | B75: 1815 | C75: 0.22433193 | D75: 116 | E75: =D75/B75 -> 0.063911846 | F75: 0.44848485 | G75: 0.45509642
A76: Fibrosis | B76: 435 | C76: 0.22433193 | D76: 113 | E76: =D76/B76 -> 0.25977011 | F76: 0.2183908 | G76: 0.23908046
A77: Emphysema | B77: 1093 | C77: 0.22433193 | D77: 107 | E77: =D77/B77 -> 0.0978957 | F77: 0.59011894 | G77: 0.62580055
A78: Pneumonia | B78: 555 | C78: 0.22433193 | D78: 51 | E78: =D78/B78 -> 0.091891892 | F78: 0.086486486 | G78: 0.09009009
... A80: Hernia | B80: 86 | C80: 0.22433193 | D80: 27 | E80: =D80/B80 -> 0.31395349 | F80: 0.38372093 | G80: 0.44186047
A81: Total | B81: =SUM(B67:B80) -> 27206 | C81: 0.22433193 | D81: =SUM(D67:D80) -> 2593 | E81: =D81/B81 -> 0.095309858 | F81: 0.44541387 | G81: 0.46156028
A82: The gate calls a finding 'confident No' at p ≤ 0.20, but every class's F1 threshold is 0.06–0.33 (mostly 0.10–0.20). So on CNN-decided images the cascade finds only ~4% of the true positives, versus ~28% for RAD-DINO on the same images. Total row recall = macro recall.
A84: G. Findings, limitations and next steps
A85: Type | B85: Statement
A86: Finding | B86: On the official test set the cascade does not beat RAD-DINO alone: macro AUROC 0.8325 vs 0.8364 and macro F1 0.3709 vs 0.3788 (both significant).
A87: Finding | B87: Most of that gap is allowed by design: the selection rule accepts up to 0.01 lower validation F1 (it was 0.006 lower on validation).
A88: Finding | B88: The compute saving disappears: the gate sends 44.5% of validation images but 77.6% of test images to RAD-DINO (compute 0.62 → 0.95 at batch 32).
A89: Finding | B89: Cause: the official test set is a sicker population (1.7x findings per image, 3x images per patient, fewer PA views), so the CNN is unsure about most test images.
A90: Finding | B90: Forcing the validation routing share (44.5%) onto test would cut macro F1 to 0.311, below the CNN alone. The gate routing more on test was correct behaviour.
A91: Finding | B91: The average of both models is the most accurate system (AUROC 0.8428, F1 0.3818) but costs 1.18x RAD-DINO.
A92: Limitation | B92: One training seed: CIs cover test-set sampling only, not training randomness.
A93: Limitation | B93: Cascade cost is composed from separately measured model latencies (image decoding and routing overhead not included).
A94: Next step | B94: If compute matters: use a cheaper stage 1 (e.g. ConvNeXt-Tiny at 224 px) to lower the 18% floor, and set the 'confident No' cut-off per class below that class's F1 threshold.
A95: Next step | B95: Otherwise report the cascade as a negative result on the official split and recommend RAD-DINO alone (or the average if cost is not a concern).

Sheet 6. Two-Stage (Random Split)
A1: Two-Stage Cascade — Random Split Experiment (restored, kept separate from sheet 5)
A2: Re-added at the user's request on 2026-09-25. This cascade (ConvNeXt-Tiny -> RAD-DINO, calibrated confidence gate) was evaluated on its own freshly-generated random 70/15/15 split (16,724 test images) -- NOT the official NIH split used in sheet 5 (25,596 test images) and NOT the random split used in sheet 3 (15,917 test images). This sheet was previously removed from this workbook on 2026-09-24 (see Contents, row 12) because the official-split cascade (sheet 5) superseded it as the reported result; it is restored here as a separate, clearly-labelled section. Do not compare these numbers with sheets 3-5.
A4: Dataset & Split (this experiment only)
A5: Split | B5: Images | C5: Patients
A6: Train | B6: 78299 | C6: 21563
A7: Validation | B7: 17097 | C7: 4621
A8: Test | B8: 16724 | C8: 4621
A9: Total | B9: 112120 | C9: 30805
A10: Random patient-level split (~70/15/15); no patient appears in more than one split. This split is different in size from the 15,917-image test set used on sheets 1–9, so it is a different dataset partition, not a rerun on the same held-out images.
A12: Main Comparison — Test Set, 16,724 Images (this experiment's own numbers)
A13: System | B13: → Stage 2 | C13: ms/image | D13: Macro AUROC | E13: Macro AUPRC | F13: Precision | G13: Recall | H13: Specificity | I13: Macro F1 | J13: Micro F1
A14: CNN alone (ConvNeXt-Tiny) | B14: 0% | C14: 4.5 | D14: 0.8577 | E14: 0.2921 | F14: 0.323 | G14: 0.4305 | H14: 0.9412 | I14: 0.3535 | J14: 0.4001
A15: RAD-DINO alone | B15: 100% | C15: 27.3 | D15: 0.8622 | E15: 0.2948 | F15: 0.3191 | G15: 0.4136 | H15: 0.9435 | I15: 0.3504 | J15: 0.4051
A16: Average of both | B16: 100% | C16: 31.8 | D16: 0.8698 | E16: 0.3095 | F16: 0.3257 | G16: 0.4321 | H16: 0.9468 | I16: 0.36 | J16: 0.4134
A17: Cascade t=0.80 (selected) | B17: 53.4% | C17: 19.1 | D17: 0.8654 | E17: 0.3072 | F17: 0.3328 | G17: 0.4316 | H17: 0.9482 | I17: 0.3721 | J17: 0.4128
A18: Cascade t=0.90 | B18: 80.1% | C18: 26.4 | D18: 0.8682 | E18: 0.3092 | F18: 0.3295 | G18: 0.425 | H18: 0.9481 | I18: 0.3601 | J18: 0.4134
A19: Selected configuration: per-image routing, Stage 2 = average of CNN and RAD-DINO logits (free once the CNN has run). Chosen automatically as the setting sending the fewest images to Stage 2 while keeping validation macro F1 within 0.01 of RAD-DINO alone.
A21: Statistical Significance (300 patient-level bootstrap resamples, 95% CI)
A22: Comparison | B22: Difference | C22: 95% CI low | D22: 95% CI high | E22: Significant
A23: Cascade − RAD-DINO, macro AUROC | B23: 0.0032 | C23: -0.0004 | D23: 0.0078 | E23: No
A24: Cascade − RAD-DINO, macro F1 | B24: 0.0217 | C24: 0.0061 | D24: 0.0364 | E24: Yes
A25: Average − RAD-DINO, macro AUROC | B25: 0.0076 | C25: 0.0047 | D25: 0.0116 | E25: Yes
A26: Average − RAD-DINO, macro F1 | B26: 0.0096 | C26: 0.0007 | D26: 0.0209 | E26: Yes
A28: Routing Sweep (per-image routing, Stage 2 = average)
A29: Threshold | B29: → Stage 2 | C29: ms/image | D29: Compute vs RAD-DINO | E29: Macro AUROC | F29: Macro F1 | G29: Recall | H29: Labels missed by CNN
A30: t = 0.70 | B30: 35.8% | C30: 14.3 | D30: 0.52 | E30: 0.8625 | F30: 0.3481 | G30: 0.375 | H30: 4380
A31: t = 0.80 (selected) | B31: 53.4% | C31: 19.1 | D31: 0.7 | E31: 0.8654 | F31: 0.3721 | G31: 0.4316 | H31: 2318
A32: t = 0.90 | B32: 80.1% | C32: 26.4 | D32: 0.97 | E32: 0.8682 | F32: 0.3601 | G32: 0.425 | H32: 565
A33: t = 0.95 | B33: 93.5% | C33: 30.1 | D33: 1.1 | E33: 0.869 | F33: 0.36 | G33: 0.432 | H33: 123
A34: t = 0.98 | B34: 99.4% | C34: 31.7 | D34: 1.16 | E34: 0.8698 | F34: 0.36 | G34: 0.4321 | H34: 7
A35: "Labels missed by CNN" = positive ground-truth labels in images the CNN decided alone (called negative) — findings the transformer never saw. This is the safety cost of routing and should be read alongside the compute saving.
A37: Per-Class Results — Earlier Analysis Run Only (t=0.90, Stage 2 = RAD-DINO alone; NOT the final selected configuration)
A38: Shown to illustrate per-disease behaviour and the cascade-vs-transformer pattern. Regenerate from cascade_per_class.csv for the final configuration (t=0.80, Stage 2 = average) before citing per-class numbers.
A39: Finding | B39: Support | C39: AUROC (cascade) | D39: AUROC (ViT) | E39: AUPRC (cascade) | F39: AUPRC (ViT) | G39: Precision | H39: Recall | I39: F1 (cascade) | J39: F1 (ViT)
A40: Atelectasis | B40: 1691 | C40: 0.842 | D40: 0.844 | E40: 0.41 | F40: 0.409 | G40: 0.343 | H40: 0.611 | I40: 0.44 | J40: 0.438
A41: Cardiomegaly | B41: 426 | C41: 0.918 | D41: 0.915 | E41: 0.306 | F41: 0.304 | G41: 0.347 | H41: 0.462 | I41: 0.397 | J41: 0.377
A42: Effusion | B42: 1935 | C42: 0.894 | D42: 0.894 | E42: 0.549 | F42: 0.549 | G42: 0.508 | H42: 0.614 | I42: 0.556 | J42: 0.556
A43: Infiltration | B43: 2941 | C43: 0.713 | D43: 0.709 | E43: 0.341 | F43: 0.339 | G43: 0.333 | H43: 0.518 | I43: 0.405 | J43: 0.401
A44: Mass | B44: 835 | C44: 0.894 | D44: 0.897 | E44: 0.414 | F44: 0.417 | G44: 0.43 | H44: 0.502 | I44: 0.463 | J44: 0.462
A45: Nodule | B45: 930 | C45: 0.827 | D45: 0.83 | E45: 0.288 | F45: 0.288 | G45: 0.368 | H45: 0.369 | I45: 0.368 | J45: 0.367
A46: Pneumonia | B46: 220 | C46: 0.768 | D46: 0.767 | E46: 0.047 | F46: 0.047 | G46: 0.075 | H46: 0.186 | I46: 0.106 | J46: 0.106
A47: Pneumothorax | B47: 810 | C47: 0.906 | D47: 0.909 | E47: 0.38 | F47: 0.378 | G47: 0.404 | H47: 0.51 | I47: 0.451 | J47: 0.451
A48: Consolidation | B48: 692 | C48: 0.83 | D48: 0.83 | E48: 0.17 | F48: 0.17 | G48: 0.182 | H48: 0.439 | I48: 0.257 | J48: 0.258
A49: Edema | B49: 333 | C49: 0.896 | D49: 0.896 | E49: 0.184 | F49: 0.183 | G49: 0.26 | H49: 0.282 | I49: 0.271 | J49: 0.27
A50: Emphysema | B50: 417 | C50: 0.946 | D50: 0.946 | E50: 0.422 | F50: 0.422 | G50: 0.429 | H50: 0.662 | I50: 0.52 | J50: 0.519
A51: Fibrosis | B51: 281 | C51: 0.842 | D51: 0.847 | E51: 0.141 | F51: 0.144 | G51: 0.262 | H51: 0.16 | I51: 0.199 | J51: 0.186
... A53: Hernia | B53: 43 | C53: 0.95 | D53: 0.952 | E53: 0.323 | F53: 0.314 | G53: 0.429 | H53: 0.209 | I53: 0.281 | J53: 0.277
A55: Key Takeaways (from this experiment only)
A56: • The cascade (per-image routing, Stage 2 = average) raises macro F1 from 0.3504 (RAD-DINO alone) to 0.3721 — a statistically significant gain — at 30% less inference compute (19.1 ms/image vs 27.3 ms/image).
A57: • The macro AUROC gain of the cascade over RAD-DINO alone (+0.0032) is NOT statistically significant. Most of the accuracy benefit comes from averaging two models with different error patterns, not from the routing itself — averaging both models on every image is significantly better than either alone (+0.0076 AUROC, +0.0096 F1).
A58: • Per-image routing clearly beats per-finding routing (e.g. at t=0.70: macro F1 0.3395 vs 0.2801, recall 0.367 vs 0.239).
A59: • A per-class safety gate (routing based on per-class miss budgets) was impractical: it routed 93–100% of images regardless of setting, mainly because of Infiltration (17.6% prevalence, weak AUROC ≈ 0.71).
A60: • Threshold choice is a policy trade-off: t=0.80 gives the largest compute saving (53.4% routed); t=0.90 minimizes findings the transformer never sees (565 vs 2,318 missed labels) at higher compute (80.1% routed).
A62: Limitations Carried Over From the Source Report
A63: • Split is not the official NIH split and is not the split used elsewhere in this workbook — do not compare these numbers with sheets 1–9.
A64: • Ground-truth labels are text-mined from radiology reports, not verified against images, capping achievable performance for all models.
A65: • F1 is threshold-sensitive: RAD-DINO's macro F1 fell from 0.371 (validation) to 0.350 (test) while the CNN's was stable. AUROC is the more reliable cross-model comparison.
A66: • The cascade's F1 edge over the full ensemble is not firmly established: it wins on test (0.372 vs 0.360) but the order reverses on validation (0.366 vs 0.375). The safe claim is "comparable accuracy at lower compute," not "better accuracy."
A67: • Routing has a safety cost: at t=0.80, 2,318 positive labels sit in images the CNN decided alone and called negative — the transformer never saw them.
... A69: • Compute figures cover only the model forward pass, excluding shared image loading/preprocessing.

Sheet 7. Distillation
A1: 7. Distillation: CNN (ConvNeXt-Tiny) taught by the CNN + RAD-DINO average — official split, seed 42
A2: RAD-DINO is used only while training: its knowledge is copied into a new ConvNeXt-Tiny, which then runs alone at test time (CNN cost). Rules fixed before the run in evaluation_protocol.yaml v2.2.0. Source: results_distill (T10, T11, distill_go_no_go.json, train_log.csv, qc_session_D.json); reference systems link to sheets 4 and 5.
A4: A. How it works
A5: Component | B5: Details
A6: Why | B6: The cascade (sheet 5) failed because the CNN's misses are silent: a finding it cannot see gets a low score, so no gate can tell it apart from a true negative. Instead of routing at test time, RAD-DINO's knowledge is moved into the CNN during training.
A7: Teacher | B7: Mean of the calibrated probabilities of the trained CNN (M08) and RAD-DINO (M09) = the 'Average of both' system of sheet 4. Run once over the 73,916 training images (no augmentation).
A8: Student (M10) | B8: ConvNeXt-Tiny, 384 px, trained from ImageNet weights with exactly the M08 recipe (sheet 2). Only the training target changes.
A9: Training target | B9: 0.5 × real label + 0.5 × teacher probability, with the same ASL loss. Early stopping on validation macro AUROC against the real labels.
A10: Go / no-go rule | B10: Train the student only if the teacher's macro AUROC on the training images is below 0.95; above that, its soft labels would just copy the real labels (section B).
A11: Outcome rules | B11: Helps = significantly better than the CNN. Matches = lower 95% CI bound of (Distilled − RAD-DINO) macro AUROC above −0.005. Beats = significantly better than RAD-DINO. Primary metric: test macro AUROC (section F).
A12: Test-time cost | B12: Same network as the CNN: 4.0 ms per image at batch 32 = 0.18× RAD-DINO. RAD-DINO is not run at test time.
A13: Seed / TTA / checks | B13: One training seed (42); no test-time augmentation. Blocking checks QC-D1 to QC-D4 all passed: checkpoint hashes; both rebuilt teachers reproduce their saved validation logits exactly (correlation 1.00000); soft labels on training images only; identical test images.
A15: B. Go / no-go: is the teacher still informative on its own training images?
A16: Model | B16: Macro AUROC, train | C16: Macro AUROC, validation | D16: Train − validation
A17: CNN (M08) | B17: 0.90175466 | C17: 0.85977526 | D17: =B17-C17 -> 0.041979403
A18: RAD-DINO (M09) | B18: 0.91241137 | C18: 0.86511315 | D18: =B18-C18 -> 0.04729822
A19: Teacher = average of both | B19: 0.91645849 | C19: 0.87350997 | D19: =B19-C19 -> 0.042948523
A20: Go threshold (train AUROC must be below) | B20: 0.95
A21: Decision | B21: =IF(B19<B20,"GO","STOP") -> GO
A22: The teacher gives true positives an average probability of 0.28 and negatives 0.03 on training images: its soft labels are far from 0/1, so they carry information beyond the real labels. Blue = rule value from the protocol.
A24: C. Training: validation curve of the CNN (M08) and the distilled CNN (M10)
A25: Epoch | B25: Phase | C25: Val macro AUROC, CNN | D25: Val macro AUROC, distilled | E25: Difference | F25: Val loss, CNN | G25: Val loss, distilled
A26: 1 | B26: warmup | C26: 0.73930148 | D26: 0.75105146 | E26: =D26-C26 -> 0.011749985 | F26: 0.35478529 | G26: 0.35126314
A27: 2 | B27: finetune | C27: 0.81866047 | D27: 0.84259045 | E27: =D27-C27 -> 0.023929974 | F27: 0.32734227 | G27: 0.31299588
A28: 3 | B28: finetune | C28: 0.84053312 | D28: 0.85696398 | E28: =D28-C28 -> 0.016430851 | F28: 0.31303209 | G28: 0.30349556
A29: 4 | B29: finetune | C29: 0.85204382 | D29: 0.86222479 | E29: =D29-C29 -> 0.010180975 | F29: 0.30848756 | G29: 0.30197185
A30: 5 | B30: finetune | C30: 0.85602372 | D30: 0.86291884 | E30: =D30-C30 -> 0.0068951213 | F30: 0.3085281 | G30: 0.30092829
A31: 6 | B31: finetune | C31: 0.85977526 | D31: 0.86398712 | E31: =D31-C31 -> 0.0042118612 | F31: 0.30540708 | G31: 0.30022267
A32: 7 | B32: finetune | C32: 0.85822482 | D32: 0.86366201 | E32: =D32-C32 -> 0.005437194 | F32: 0.31262472 | G32: 0.30017722
A33: 8 | B33: finetune | C33: 0.85750293 | D33: 0.86314752 | E33: =D33-C33 -> 0.0056445944 | F33: 0.31603903 | G33: 0.30061007
A34: Best | C34: =MAX(C26:C33) -> 0.85977526 | D34: =MAX(D26:D33) -> 0.86398712 | E34: =D34-C34 -> 0.0042118612
A35: Best epoch | C35: =INDEX(A26:A33,MATCH(C34,C26:C33,0)) -> 6 | D35: =INDEX(A26:A33,MATCH(D34,D26:D33,0)) -> 6
A36: The CNN's validation loss rises after its best epoch (0.305 → 0.316); the distilled CNN's stays flat (0.300 → 0.301), a sign that soft labels reduce over-fitting to the noisy labels. Training took 2.56 h on a Tesla T4 (teacher soft-label pass: 50 min). Validation picked the epoch, so validation numbers are slightly optimistic; section D is the real test.
A38: D. Main results (test set, 25,596 images)
A39: System | B39: Macro AUROC | C39: 95% CI | D39: Macro AUPRC | E39: 95% CI | F39: Macro F1 | G39: 95% CI | H39: Micro F1 | I39: 95% CI | J39: Macro precision | K39: Macro recall | L39: Macro specificity | M39: Compute vs RAD-DINO (batch 32)
A40: CNN alone (ConvNeXt-Tiny) | B40: ='4. Official Split Results'!B6 -> 0.82630389 | C40: ='4. Official Split Results'!C6 -> 0.820–0.832 | D40: ='4. Official Split Results'!D6 -> 0.29884675 | E40: ='4. Official Split Results'!E6 -> 0.285–0.315 | F40: ='4. Official Split Results'!F6 -> 0.35391016 | G40: ='4. Official Split Results'!G6 -> 0.334–0.369 | H40: ='4. Official Split Results'!H6 -> 0.41717 | I40: ='4. Official Split Results'!I6 -> 0.409–0.425 | ... L40: ='4. Official Split Results'!L6 -> 0.90396065 | M40: ='5. Two-Stage Cascade'!D48 -> 0.17547568
A41: RAD-DINO alone | B41: ='4. Official Split Results'!B7 -> 0.83638611 | C41: ='4. Official Split Results'!C7 -> 0.830–0.842 | D41: ='4. Official Split Results'!D7 -> 0.32232227 | E41: ='4. Official Split Results'!E7 -> 0.310–0.337 | F41: ='4. Official Split Results'!F7 -> 0.37877978 | G41: ='4. Official Split Results'!G7 -> 0.365–0.390 | H41: ='4. Official Split Results'!H7 -> 0.43170705 | I41: ='4. Official Split Results'!I7 -> 0.424–0.439 | ... L41: ='4. Official Split Results'!L7 -> 0.90217277 | M41: ='5. Two-Stage Cascade'!D49 -> 1
A42: Average of both (every image) | B42: ='4. Official Split Results'!B8 -> 0.84277771 | C42: ='4. Official Split Results'!C8 -> 0.837–0.848 | D42: ='4. Official Split Results'!D8 -> 0.32918472 | E42: ='4. Official Split Results'!E8 -> 0.316–0.343 | F42: ='4. Official Split Results'!F8 -> 0.38178977 | G42: ='4. Official Split Results'!G8 -> 0.367–0.393 | H42: ='4. Official Split Results'!H8 -> 0.44211246 | I42: ='4. Official Split Results'!I8 -> 0.434–0.449 | ... L42: ='4. Official Split Results'!L8 -> 0.90919431 | M42: ='5. Two-Stage Cascade'!D50 -> 1.1754757
A43: Cascade t = 0.80 (sheet 5) | B43: ='4. Official Split Results'!B9 -> 0.83247514 | C43: ='4. Official Split Results'!C9 -> 0.826–0.838 | D43: ='4. Official Split Results'!D9 -> 0.31761424 | E43: ='4. Official Split Results'!E9 -> 0.305–0.332 | F43: ='4. Official Split Results'!F9 -> 0.37088237 | G43: ='4. Official Split Results'!G9 -> 0.356–0.382 | H43: ='4. Official Split Results'!H9 -> 0.42734521 | I43: ='4. Official Split Results'!I9 -> 0.419–0.435 | ... L43: ='4. Official Split Results'!L9 -> 0.90361631 | M43: ='5. Two-Stage Cascade'!D52 -> 0.95114376
A44: Distilled CNN (M10) | B44: 0.83386043 | C44: 0.828–0.839 | D44: 0.31461311 | E44: 0.301–0.330 | F44: 0.37018523 | G44: 0.352–0.384 | H44: 0.41915551 | I44: 0.411–0.427 | J44: 0.33258314 | K44: 0.46218095 | L44: 0.89926286 | M44: ='5. Two-Stage Cascade'!D48 -> 0.17547568
A45: Green = best in the column (cascade row excluded: not part of the distillation comparison). Highlighted row = the distilled CNN. Green text = linked from sheet 4 (results) and sheet 5 (compute); the numbers recomputed in this study are identical. Macro ECE: CNN 0.0117, RAD-DINO 0.0106, average 0.0103, distilled 0.0114.
A47: E. Is the difference real? Distilled CNN vs each reference (paired patient-level bootstrap, Holm over the 3 comparisons)
A48: Comparison (A − B) | B48: Metric | C48: Difference | D48: 95% CI | E48: Relative % | F48: Holm p | G48: Significant?
A49: Distilled − CNN alone | B49: Macro AUROC | C49: 0.0075565314 | D49: +0.0058 to +0.0096 | E49: 0.0091449786 | F49: 0.002997003 | G49: Yes
A50: Distilled − RAD-DINO alone | B50: Macro AUROC | C50: -0.0025256843 | D50: -0.0056 to +0.0004 | E50: -0.0030197588 | F50: 0.078 | G50: No
A51: Distilled − Average of both | B51: Macro AUROC | C51: -0.0089172832 | D51: -0.0112 to -0.0071 | E51: -0.010580825 | F51: 0.002997003 | G51: Yes
A52: Distilled − CNN alone | B52: Macro AUPRC | C52: 0.015766359 | D52: +0.0109 to +0.0212 | E52: 0.052757338 | F52: 0.002997003 | G52: Yes
A53: Distilled − RAD-DINO alone | B53: Macro AUPRC | C53: -0.007709162 | D53: -0.0180 to +0.0017 | E53: -0.023917559 | F53: 0.088 | G53: No
A54: Distilled − Average of both | B54: Macro AUPRC | C54: -0.01457161 | D54: -0.0223 to -0.0078 | E54: -0.044265754 | F54: 0.002997003 | G54: Yes
A55: Distilled − CNN alone | B55: Macro F1 | C55: 0.016275071 | D55: +0.0103 to +0.0230 | E55: 0.045986448 | F55: 0.002997003 | G55: Yes
A56: Distilled − RAD-DINO alone | B56: Macro F1 | C56: -0.008594545 | D56: -0.0204 to +0.0036 | E56: -0.022690084 | F56: 0.192 | G56: No
A57: Distilled − Average of both | B57: Macro F1 | C57: -0.011604543 | D57: -0.0218 to -0.0026 | E57: -0.030395111 | F57: 0.004 | G57: Yes
A58: Distilled − CNN alone | B58: Micro F1 | C58: 0.0019855054 | D58: -0.0012 to +0.0052 | E58: 0.0047594636 | F58: 0.228 | G58: No
A59: Distilled − RAD-DINO alone | B59: Micro F1 | C59: -0.012551539 | D59: -0.0169 to -0.0082 | E59: -0.029074205 | F59: 0.002997003 | G59: Yes
A60: Distilled − Average of both | B60: Micro F1 | C60: -0.022956948 | D60: -0.0261 to -0.0195 | E60: -0.051925584 | F60: 0.002997003 | G60: Yes
... A66: Distilled − Average of both | B66: Macro recall | C66: 0.0060740647 | D66: -0.0060 to +0.0175 | E66: 0.013317196 | F66: 0.604 | G66: No
A67: Significant = CI excludes 0 and Holm p < 0.05. p = 0.003 is the smallest value 1,000 resamples can give after Holm (3 × 1/1001).
A69: F. Outcome against the rules fixed before the run (primary metric: test macro AUROC)
A70: Rule | B70: Measure | C70: Estimate | D70: 95% CI low | E70: 95% CI high | F70: Threshold | G70: Met?
A71: Helps | B71: Distilled − CNN | C71: =C49 -> 0.0075565314 | D71: 0.0057653846 | E71: 0.0096323833 | F71: CI low > 0, Holm p < 0.05 | G71: =IF(AND(D71>0,F49<0.05),"Yes","No") -> Yes
A72: Matches RAD-DINO | B72: Distilled − RAD-DINO | C72: =C50 -> -0.0025256843 | D72: -0.0055846369 | E72: 0.00044166921 | F72: -0.005 | G72: =IF(D72>F72,"Yes","No") -> No
A73: Beats RAD-DINO | B73: Distilled − RAD-DINO | C73: =C50 -> -0.0025256843 | D73: -0.0055846369 | E73: 0.00044166921 | F73: CI low > 0, Holm p < 0.05 | G73: =IF(AND(D73>0,F50<0.05),"Yes","No") -> No
A74: Verdict | B74: =IF(G73="Yes","Beats RAD-DINO",IF(AND(G71="Yes",G72="Yes"),"Matches RAD-DINO",IF(G71="Yes","Helps: better than the CNN, below RAD-DINO","Fails: no gain over the CNN"))) -> Helps: better than the CNN, below RAD-DINO
A75: 'Matches' was missed by 0.0006 (lower bound −0.0056 against −0.005). The distilled CNN is not significantly worse than RAD-DINO (Holm p = 0.078), but the pre-registered verdict is 'helps' and should be reported as such. Blue = margin from the protocol.
A77: G. How much of the CNN → RAD-DINO gap did distillation close? (test set)
A78: Metric | B78: CNN | C78: RAD-DINO | D78: Distilled | E78: Gap (RAD-DINO − CNN) | F78: Gain (Distilled − CNN) | G78: Share of gap closed
A79: Macro AUROC | B79: =B40 -> 0.82630389 | C79: =B41 -> 0.83638611 | D79: =B44 -> 0.83386043 | E79: =C79-B79 -> 0.010082216 | F79: =D79-B79 -> 0.0075565314 | G79: =IF(E79>0,F79/E79,"–") -> 0.74949114
A80: Macro AUPRC | B80: =D40 -> 0.29884675 | C80: =D41 -> 0.32232227 | D80: =D44 -> 0.31461311 | E80: =C80-B80 -> 0.023475521 | F80: =D80-B80 -> 0.015766359 | G80: =IF(E80>0,F80/E80,"–") -> 0.67160848
A81: Macro F1 | B81: =F40 -> 0.35391016 | C81: =F41 -> 0.37877978 | D81: =F44 -> 0.37018523 | E81: =C81-B81 -> 0.024869616 | F81: =D81-B81 -> 0.016275071 | G81: =IF(E81>0,F81/E81,"–") -> 0.65441585
A82: Micro F1 | B82: =H40 -> 0.41717 | C82: =H41 -> 0.43170705 | D82: =H44 -> 0.41915551 | E82: =C82-B82 -> 0.014537045 | F82: =D82-B82 -> 0.0019855054 | G82: =IF(E82>0,F82/E82,"–") -> 0.13658247
A83: Macro precision | B83: =J40 -> 0.31884096 | C83: =J41 -> 0.33618678 | D83: =J44 -> 0.33258314 | E83: =C83-B83 -> 0.017345818 | F83: =D83-B83 -> 0.013742182 | G83: =IF(E83>0,F83/E83,"–") -> 0.79224755
A84: Macro recall | B84: =K40 -> 0.43042032 | C84: =K41 -> 0.46156028 | D84: =K44 -> 0.46218095 | E84: =C84-B84 -> 0.031139959 | F84: =D84-B84 -> 0.031760632 | G84: =IF(E84>0,F84/E84,"–") -> 1.0199317
A85: Distillation closes about three quarters of the AUROC gap and two thirds of the AUPRC and macro-F1 gaps at no extra test-time cost. Micro F1 moves little: the student finds more true positives but also raises more false alarms (section I).
A87: H. Test AUROC per finding (sorted by number of test cases)
A88: Show 'share of gap closed' only if RAD-DINO leads the CNN by at least | B88: 0.005
A89: Finding | B89: Test cases | C89: CNN | D89: RAD-DINO | E89: Average | F89: Distilled | G89: Distilled − CNN | H89: Distilled − RAD-DINO | I89: Share of gap closed
A90: Infiltration | B90: 6112 | C90: 0.70898552 | D90: 0.70942717 | E90: 0.71684055 | F90: 0.71083391 | G90: =F90-C90 -> 0.0018483879 | H90: =F90-D90 -> 0.001406733 | I90: =IF(D90-C90>=$B$88,(F90-C90)/(D90-C90),"no gap") -> no gap
A91: Effusion | B91: 4658 | C91: 0.83933057 | D91: 0.84250478 | E91: 0.84776989 | F91: 0.84061465 | G91: =F91-C91 -> 0.0012840769 | H91: =F91-D91 -> -0.0018901364 | I91: =IF(D91-C91>=$B$88,(F91-C91)/(D91-C91),"no gap") -> no gap
A92: Atelectasis | B92: 3279 | C92: 0.79046467 | D92: 0.79802443 | E92: 0.80433389 | F92: 0.79648073 | G92: =F92-C92 -> 0.0060160615 | H92: =F92-D92 -> -0.0015437066 | I92: =IF(D92-C92>=$B$88,(F92-C92)/(D92-C92),"no gap") -> 0.79579974
A93: Pneumothorax | B93: 2665 | C93: 0.88229402 | D93: 0.90407989 | E93: 0.90530959 | F93: 0.88896361 | G93: =F93-C93 -> 0.0066695887 | H93: =F93-D93 -> -0.015116276 | I93: =IF(D93-C93>=$B$88,(F93-C93)/(D93-C93),"no gap") -> 0.30614294
A94: Consolidation | B94: 1815 | C94: 0.7606011 | D94: 0.76083792 | E94: 0.77198758 | F94: 0.76730888 | G94: =F94-C94 -> 0.0067077764 | H94: =F94-D94 -> 0.0064709621 | I94: =IF(D94-C94>=$B$88,(F94-C94)/(D94-C94),"no gap") -> no gap
A95: Mass | B95: 1748 | C95: 0.84584396 | D95: 0.85129688 | E95: 0.85983639 | F95: 0.85099447 | G95: =F95-C95 -> 0.0051505046 | H95: =F95-D95 -> -0.00030241347 | I95: =IF(D95-C95>=$B$88,(F95-C95)/(D95-C95),"no gap") -> 0.94454098
A96: Nodule | B96: 1623 | C96: 0.79805601 | D96: 0.80301558 | E96: 0.81694432 | F96: 0.80252602 | G96: =F96-C96 -> 0.0044700113 | H96: =F96-D96 -> -0.00048956288 | I96: =IF(D96-C96>=$B$88,(F96-C96)/(D96-C96),"no gap") -> no gap
A97: Pleural Thickening | B97: 1143 | C97: 0.79352805 | D97: 0.81380713 | E97: 0.81665721 | F97: 0.80106549 | G97: =F97-C97 -> 0.0075374478 | H97: =F97-D97 -> -0.012741639 | I97: =IF(D97-C97>=$B$88,(F97-C97)/(D97-C97),"no gap") -> 0.37168576
A98: Emphysema | B98: 1093 | C98: 0.93636379 | D98: 0.94932163 | E98: 0.94834105 | F98: 0.93879839 | G98: =F98-C98 -> 0.002434603 | H98: =F98-D98 -> -0.010523237 | I98: =IF(D98-C98>=$B$88,(F98-C98)/(D98-C98),"no gap") -> 0.18788649
A99: Cardiomegaly | B99: 1069 | C99: 0.88784882 | D99: 0.8982793 | E99: 0.90359911 | F99: 0.89519614 | G99: =F99-C99 -> 0.0073473181 | H99: =F99-D99 -> -0.0030831603 | I99: =IF(D99-C99>=$B$88,(F99-C99)/(D99-C99),"no gap") -> 0.70440854
A100: Edema | B100: 925 | C100: 0.8579023 | D100: 0.85644719 | E100: 0.86580421 | F100: 0.86392841 | G100: =F100-C100 -> 0.0060261145 | H100: =F100-D100 -> 0.0074812204 | I100: =IF(D100-C100>=$B$88,(F100-C100)/(D100-C100),"no gap") -> no gap
A101: Pneumonia | B101: 555 | C101: 0.72747217 | D101: 0.72947386 | E101: 0.74150861 | F101: 0.73506674 | G101: =F101-C101 -> 0.0075945719 | H101: =F101-D101 -> 0.0055928817 | I101: =IF(D101-C101>=$B$88,(F101-C101)/(D101-C101),"no gap") -> no gap
... A103: Hernia | B103: 86 | C103: 0.91016177 | D103: 0.9440632 | E103: 0.9492005 | F103: 0.93962924 | G103: =F103-C103 -> 0.029467468 | H103: =F103-D103 -> -0.0044339657 | I103: =IF(D103-C103>=$B$88,(F103-C103)/(D103-C103),"no gap") -> 0.86921008
A104: Fine-detail findings, where RAD-DINO's 518 px input and X-ray pretraining matter most, close least (Emphysema, Pneumothorax, Pleural thickening). Where RAD-DINO had no lead (Infiltration, Consolidation, Edema, Pneumonia), the distilled CNN is above both single models. Hernia has only 86 test cases. Per-finding differences were not tested for significance.
A106: I. Did distillation fix the silent misses? (test set, positive labels; each system at its own F1 thresholds)
A107: System | B107: True positives | C107: False positives | D107: False negatives | E107: Predicted positives per image | F107: TP vs CNN | G107: FP vs CNN
A108: CNN alone | B108: 14884 | C108: 29267 | D108: 12322 | E108: 1.725 | F108: =B108-B$108 -> 0 | G108: =C108-C$108 -> 0
A109: RAD-DINO alone | B109: 15715 | C109: 29883 | D109: 11491 | E109: 1.781 | F109: =B109-B$108 -> 831 | G109: =C109-C$108 -> 616
A110: Average of both | B110: 15525 | C110: 27500 | D110: 11681 | E110: 1.681 | F110: =B110-B$108 -> 641 | G110: =C110-C$108 -> -1767
A111: Distilled CNN (M10) | B111: 15466 | C111: 31124 | D111: 11740 | E111: 1.82 | F111: =B111-B$108 -> 582 | G111: =C111-C$108 -> 1857
A113: Positives the CNN missed | B113: Count | C113: Found by RAD-DINO | D113: Found by distilled CNN | E113: Found by average | F113: Distilled ÷ RAD-DINO
A114: All positives the CNN called No | B114: 12322 | C114: 2831 | D114: 1517 | E114: 1721 | F114: =D114/C114 -> 0.53585306
A115: … of which RAD-DINO found | B115: 2831 | C115: 2831 | D115: 936 | F115: =D115/C115 -> 0.33062522
A116: The student recovers about half of RAD-DINO's extra true positives on the CNN's misses, and catches a third of the exact positives RAD-DINO found and the CNN missed. It pays with more false alarms (+1,857), because its per-class thresholds (tuned for F1 on validation) sit lower. True findings per image = 1.06. Computed post hoc from the saved test predictions (exploratory).
...
